date,pair,side,weight_before,weight_after,weight_delta,turnover,cost
2021-08-16,AVAXUSDT,buy,0.0,0.048523,0.048523,0.450715,0.00067607
2021-08-16,CAKEUSDT,buy,0.0,0.047653,0.047653,0.450715,0.00067607
2021-08-16,DOTUSDT,buy,0.0,0.042758,0.042758,0.450715,0.00067607
2021-08-16,ETHUSDT,buy,0.0,0.052277,0.052277,0.450715,0.00067607
2021-08-16,FILUSDT,buy,0.0,0.043572,0.043572,0.450715,0.00067607
2021-08-16,INJUSDT,buy,0.0,0.036644,0.036644,0.450715,0.00067607
2021-08-16,LINKUSDT,buy,0.0,0.040613,0.040613,0.450715,0.00067607
2021-08-16,TRXUSDT,buy,0.0,0.061366,0.061366,0.450715,0.00067607
2021-08-16,TWTUSDT,buy,0.0,0.035338,0.035338,0.450715,0.00067607
2021-08-16,UNIUSDT,buy,0.0,0.041972,0.041972,0.450715,0.00067607
2021-08-19,AVAXUSDT,sell,0.048523,0.0,-0.048523,0.196087,0.00029413
2021-08-19,INJUSDT,sell,0.036644,0.0,-0.036644,0.196087,0.00029413
2021-08-19,LINKUSDT,sell,0.040613,0.0,-0.040613,0.196087,0.00029413
2021-08-19,XRPUSDT,buy,0.0,0.031706,0.031706,0.196087,0.00029413
2021-08-19,ZILUSDT,buy,0.0,0.038601,0.038601,0.196087,0.00029413
2021-08-22,ADAUSDT,buy,0.0,0.03891,0.03891,0.220361,0.00033054
2021-08-22,BCHUSDT,buy,0.0,0.058106,0.058106,0.220361,0.00033054
2021-08-22,FILUSDT,sell,0.043572,0.0,-0.043572,0.220361,0.00033054
2021-08-22,SUSHIUSDT,buy,0.0,0.041171,0.041171,0.220361,0.00033054
2021-08-22,ZILUSDT,sell,0.038601,0.0,-0.038601,0.220361,0.00033054
2021-08-25,BCHUSDT,sell,0.058106,0.0,-0.058106,0.186717,0.00028008
2021-08-25,ETHUSDT,sell,0.052277,0.0,-0.052277,0.186717,0.00028008
2021-08-25,FETUSDT,buy,0.0,0.034362,0.034362,0.186717,0.00028008
2021-08-25,UNIUSDT,sell,0.041972,0.0,-0.041972,0.186717,0.00028008
2021-08-28,1INCHUSDT,buy,0.0,0.039809,0.039809,0.074171,0.00011126
2021-08-28,FETUSDT,sell,0.034362,0.0,-0.034362,0.074171,0.00011126
2021-08-31,1INCHUSDT,sell,0.039809,0.0,-0.039809,0.271034,0.00040655
2021-08-31,ATOMUSDT,buy,0.0,0.034954,0.034954,0.271034,0.00040655
2021-08-31,INJUSDT,buy,0.0,0.03053,0.03053,0.271034,0.00040655
2021-08-31,KAVAUSDT,buy,0.0,0.039087,0.039087,0.271034,0.00040655
2021-08-31,SFPUSDT,buy,0.0,0.033583,0.033583,0.271034,0.00040655
2021-08-31,TRXUSDT,sell,0.061366,0.0,-0.061366,0.271034,0.00040655
2021-08-31,XRPUSDT,sell,0.031706,0.0,-0.031706,0.271034,0.00040655
2021-09-03,SUSHIUSDT,sell,0.041171,0.0,-0.041171,0.041171,6.176e-05
2021-09-06,DOTUSDT,sell,0.042758,0.0,-0.042758,0.143787,0.00021568
2021-09-06,DUSKUSDT,buy,0.0,0.03785,0.03785,0.143787,0.00021568
2021-09-06,FETUSDT,buy,0.0,0.03265,0.03265,0.143787,0.00021568
2021-09-06,INJUSDT,sell,0.03053,0.0,-0.03053,0.143787,0.00021568
2021-09-09,DUSKUSDT,sell,0.03785,0.0,-0.03785,0.122191,0.00018329
2021-09-09,ETHUSDT,buy,0.0,0.045254,0.045254,0.122191,0.00018329
2021-09-09,KAVAUSDT,sell,0.039087,0.0,-0.039087,0.122191,0.00018329
2021-09-12,AXSUSDT,buy,0.0,0.035478,0.035478,0.149447,0.00022417
2021-09-12,CAKEUSDT,sell,0.047653,0.0,-0.047653,0.149447,0.00022417
2021-09-12,DUSKUSDT,buy,0.0,0.032733,0.032733,0.149447,0.00022417
2021-09-12,SFPUSDT,sell,0.033583,0.0,-0.033583,0.149447,0.00022417
2021-09-15,AXSUSDT,sell,0.035478,0.0,-0.035478,0.068211,0.00010232
2021-09-15,DUSKUSDT,sell,0.032733,0.0,-0.032733,0.068211,0.00010232
2021-09-18,ADAUSDT,sell,0.03891,0.0,-0.03891,0.483604,0.00072541
2021-09-18,ATOMUSDT,sell,0.034954,0.00106,-0.033894,0.483604,0.00072541
2021-09-18,ETHUSDT,sell,0.045254,0.0,-0.045254,0.483604,0.00072541
2021-09-18,FETUSDT,sell,0.03265,0.001293,-0.031357,0.483604,0.00072541
2021-09-18,TUSDUSDT,buy,0.0,0.15,0.15,0.483604,0.00072541
2021-09-18,TWTUSDT,sell,0.035338,0.001149,-0.034189,0.483604,0.00072541
2021-09-18,USDCUSDT,buy,0.0,0.15,0.15,0.483604,0.00072541
2021-09-21,ATOMUSDT,sell,0.00106,0.0,-0.00106,0.303502,0.00045525
2021-09-21,FETUSDT,sell,0.001293,0.0,-0.001293,0.303502,0.00045525
2021-09-21,TUSDUSDT,sell,0.15,0.0,-0.15,0.303502,0.00045525
2021-09-21,TWTUSDT,sell,0.001149,0.0,-0.001149,0.303502,0.00045525
2021-09-21,USDCUSDT,sell,0.15,0.0,-0.15,0.303502,0.00045525
2021-10-03,ATOMUSDT,buy,0.0,0.033486,0.033486,0.1749,0.00026235
2021-10-03,AVAXUSDT,buy,0.0,0.042104,0.042104,0.1749,0.00026235
2021-10-03,FETUSDT,buy,0.0,0.043459,0.043459,0.1749,0.00026235
2021-10-03,SHIBUSDT,buy,0.0,0.055851,0.055851,0.1749,0.00026235
2021-10-06,ATOMUSDT,sell,0.033486,0.000974,-0.032511,0.4727,0.00070905
2021-10-06,AVAXUSDT,sell,0.042104,0.001225,-0.040879,0.4727,0.00070905
2021-10-06,FETUSDT,sell,0.043459,0.0,-0.043459,0.4727,0.00070905
2021-10-06,SHIBUSDT,sell,0.055851,0.0,-0.055851,0.4727,0.00070905
2021-10-06,TUSDUSDT,buy,0.0,0.15,0.15,0.4727,0.00070905
2021-10-06,USDCUSDT,buy,0.0,0.15,0.15,0.4727,0.00070905
2021-10-09,1INCHUSDT,buy,0.0,0.032229,0.032229,0.37414,0.00056121
2021-10-09,ETHUSDT,buy,0.0,0.041911,0.041911,0.37414,0.00056121
2021-10-09,TUSDUSDT,sell,0.15,0.0,-0.15,0.37414,0.00056121
2021-10-09,USDCUSDT,sell,0.15,0.0,-0.15,0.37414,0.00056121
2021-10-12,1INCHUSDT,sell,0.032229,0.00176,-0.030469,0.37004,0.00055506
2021-10-12,ETHUSDT,sell,0.041911,0.002341,-0.03957,0.37004,0.00055506
2021-10-12,TUSDUSDT,buy,0.0,0.15,0.15,0.37004,0.00055506
2021-10-12,USDCUSDT,buy,0.0,0.15,0.15,0.37004,0.00055506
2021-10-15,ETHUSDT,buy,0.002341,0.042797,0.040456,0.422275,0.00063341
2021-10-15,KAVAUSDT,buy,0.0,0.032252,0.032252,0.422275,0.00063341
2021-10-15,LTCUSDT,buy,0.0,0.049567,0.049567,0.422275,0.00063341
2021-10-15,TUSDUSDT,sell,0.15,0.0,-0.15,0.422275,0.00063341
2021-10-15,USDCUSDT,sell,0.15,0.0,-0.15,0.422275,0.00063341
2021-10-18,DUSKUSDT,buy,0.0,0.032825,0.032825,0.124486,0.00018673
2021-10-18,TRXUSDT,buy,0.0,0.048808,0.048808,0.124486,0.00018673
2021-10-18,XRPUSDT,buy,0.0,0.042853,0.042853,0.124486,0.00018673
2021-10-21,DUSKUSDT,sell,0.032825,0.0,-0.032825,0.543398,0.0008151
2021-10-21,ETHUSDT,sell,0.042797,0.002833,-0.039964,0.543398,0.0008151
2021-10-21,KAVAUSDT,sell,0.032252,0.0,-0.032252,0.543398,0.0008151
2021-10-21,LTCUSDT,sell,0.049567,0.0,-0.049567,0.543398,0.0008151
2021-10-21,TRXUSDT,sell,0.048808,0.0,-0.048808,0.543398,0.0008151
2021-10-21,TUSDUSDT,buy,0.0,0.15,0.15,0.543398,0.0008151
2021-10-21,USDCUSDT,buy,0.0,0.15,0.15,0.543398,0.0008151
2021-10-21,XRPUSDT,sell,0.042853,0.002869,-0.039984,0.543398,0.0008151
2021-10-24,BCHUSDT,buy,0.0,0.058726,0.058726,0.654931,0.0009824
2021-10-24,DOTUSDT,buy,0.0,0.037407,0.037407,0.654931,0.0009824
2021-10-24,DUSKUSDT,buy,0.0,0.039149,0.039149,0.654931,0.0009824
2021-10-24,ETHUSDT,buy,0.002833,0.054562,0.051729,0.654931,0.0009824
2021-10-24,LTCUSDT,buy,0.0,0.054969,0.054969,0.654931,0.0009824
2021-10-24,TUSDUSDT,sell,0.15,0.0,-0.15,0.654931,0.0009824
2021-10-24,USDCUSDT,sell,0.15,0.0,-0.15,0.654931,0.0009824
2021-10-24,XRPUSDT,buy,0.002869,0.060772,0.057902,0.654931,0.0009824
2021-10-24,YFIUSDT,buy,0.0,0.05505,0.05505,0.654931,0.0009824
2021-10-27,1INCHUSDT,buy,0.00176,0.037087,0.035328,0.248136,0.0003722
2021-10-27,INJUSDT,buy,0.0,0.04257,0.04257,0.248136,0.0003722
2021-10-27,XRPUSDT,sell,0.060772,0.0,-0.060772,0.248136,0.0003722
2021-10-27,YFIUSDT,sell,0.05505,0.0,-0.05505,0.248136,0.0003722
2021-10-27,ZECUSDT,buy,0.0,0.054417,0.054417,0.248136,0.0003722
2021-10-30,DUSKUSDT,sell,0.039149,0.0,-0.039149,0.083906,0.00012586
2021-10-30,LINKUSDT,buy,0.0,0.044756,0.044756,0.083906,0.00012586
2021-11-02,BCHUSDT,sell,0.058726,0.0,-0.058726,0.117857,0.00017679
2021-11-02,UNIUSDT,buy,0.0,0.059131,0.059131,0.117857,0.00017679
2021-11-05,AAVEUSDT,buy,0.0,0.0712,0.0712,0.247318,0.00037098
2021-11-05,AXSUSDT,buy,0.0,0.040287,0.040287,0.247318,0.00037098
2021-11-05,DOGEUSDT,buy,0.0,0.034129,0.034129,0.247318,0.00037098
2021-11-05,INJUSDT,sell,0.04257,0.0,-0.04257,0.247318,0.00037098
2021-11-05,UNIUSDT,sell,0.059131,0.0,-0.059131,0.247318,0.00037098
2021-11-08,AAVEUSDT,sell,0.0712,0.0,-0.0712,0.171297,0.00025695
2021-11-08,LTCUSDT,sell,0.054969,0.0,-0.054969,0.171297,0.00025695
2021-11-08,ZILUSDT,buy,0.0,0.045128,0.045128,0.171297,0.00025695
2021-11-11,1INCHUSDT,sell,0.037087,0.0,-0.037087,0.375968,0.00056395
2021-11-11,AVAXUSDT,buy,0.001225,0.043611,0.042385,0.375968,0.00056395
2021-11-11,AXSUSDT,sell,0.040287,0.0,-0.040287,0.375968,0.00056395
2021-11-11,COMPUSDT,buy,0.0,0.048479,0.048479,0.375968,0.00056395
2021-11-11,DOGEUSDT,sell,0.034129,0.0,-0.034129,0.375968,0.00056395
2021-11-11,FETUSDT,buy,0.0,0.049616,0.049616,0.375968,0.00056395
2021-11-11,RAYUSDT,buy,0.0,0.042993,0.042993,0.375968,0.00056395
2021-11-11,SUSHIUSDT,buy,0.0,0.035863,0.035863,0.375968,0.00056395
2021-11-11,ZILUSDT,sell,0.045128,0.0,-0.045128,0.375968,0.00056395
2021-11-14,AXSUSDT,buy,0.0,0.044177,0.044177,0.134457,0.00020169
2021-11-14,SUSHIUSDT,sell,0.035863,0.0,-0.035863,0.134457,0.00020169
2021-11-14,ZECUSDT,sell,0.054417,0.0,-0.054417,0.134457,0.00020169
2021-11-17,AXSUSDT,sell,0.044177,0.0,-0.044177,0.250035,0.00037505
2021-11-17,BCHUSDT,buy,0.0,0.046653,0.046653,0.250035,0.00037505
2021-11-17,COMPUSDT,sell,0.048479,0.0,-0.048479,0.250035,0.00037505
2021-11-17,LTCUSDT,buy,0.0,0.035897,0.035897,0.250035,0.00037505
2021-11-17,RAYUSDT,sell,0.042993,0.0,-0.042993,0.250035,0.00037505
2021-11-17,ZECUSDT,buy,0.0,0.031837,0.031837,0.250035,0.00037505
2021-11-20,AXSUSDT,buy,0.0,0.041925,0.041925,0.125985,0.00018898
2021-11-20,BCHUSDT,sell,0.046653,0.0,-0.046653,0.125985,0.00018898
2021-11-20,DOTUSDT,sell,0.037407,0.0,-0.037407,0.125985,0.00018898
2021-11-23,AXSUSDT,sell,0.041925,0.0,-0.041925,0.257267,0.0003859
2021-11-23,BCHUSDT,buy,0.0,0.045079,0.045079,0.257267,0.0003859
2021-11-23,FETUSDT,sell,0.049616,0.0,-0.049616,0.257267,0.0003859
2021-11-23,INJUSDT,buy,0.0,0.031771,0.031771,0.257267,0.0003859
2021-11-23,LINKUSDT,sell,0.044756,0.0,-0.044756,0.257267,0.0003859
2021-11-23,TRXUSDT,buy,0.0,0.04412,0.04412,0.257267,0.0003859
2021-11-26,BCHUSDT,sell,0.045079,0.0,-0.045079,0.331183,0.00049677
2021-11-26,DUSKUSDT,buy,0.0,0.030363,0.030363,0.331183,0.00049677
2021-11-26,ETHUSDT,sell,0.054562,0.0,-0.054562,0.331183,0.00049677
2021-11-26,INJUSDT,sell,0.031771,0.0,-0.031771,0.331183,0.00049677
2021-11-26,ROSEUSDT,buy,0.0,0.030342,0.030342,0.331183,0.00049677
2021-11-26,TRXUSDT,sell,0.04412,0.0,-0.04412,0.331183,0.00049677
2021-11-26,TWTUSDT,buy,0.0,0.063109,0.063109,0.331183,0.00049677
2021-11-26,ZECUSDT,sell,0.031837,0.0,-0.031837,0.331183,0.00049677
2021-11-29,DEXEUSDT,buy,0.0,0.034644,0.034644,0.207233,0.00031085
2021-11-29,FETUSDT,buy,0.0,0.031988,0.031988,0.207233,0.00031085
2021-11-29,INJUSDT,buy,0.0,0.031149,0.031149,0.207233,0.00031085
2021-11-29,TRXUSDT,buy,0.0,0.046343,0.046343,0.207233,0.00031085
2021-11-29,TWTUSDT,sell,0.063109,0.0,-0.063109,0.207233,0.00031085
2021-12-02,AVAXUSDT,sell,0.043611,0.001783,-0.041827,0.490699,0.00073605
2021-12-02,DEXEUSDT,sell,0.034644,0.0,-0.034644,0.490699,0.00073605
2021-12-02,FETUSDT,sell,0.031988,0.0,-0.031988,0.490699,0.00073605
2021-12-02,LTCUSDT,sell,0.035897,0.0,-0.035897,0.490699,0.00073605
2021-12-02,TRXUSDT,sell,0.046343,0.0,-0.046343,0.490699,0.00073605
2021-12-02,TUSDUSDT,buy,0.0,0.15,0.15,0.490699,0.00073605
2021-12-02,USDCUSDT,buy,0.0,0.15,0.15,0.490699,0.00073605
2021-12-08,ETHUSDT,buy,0.0,0.048127,0.048127,0.394765,0.00059215
2021-12-08,RAYUSDT,buy,0.0,0.046638,0.046638,0.394765,0.00059215
2021-12-08,TUSDUSDT,sell,0.15,0.0,-0.15,0.394765,0.00059215
2021-12-08,USDCUSDT,sell,0.15,0.0,-0.15,0.394765,0.00059215
2021-12-11,AVAXUSDT,buy,0.001783,0.038872,0.037088,0.226647,0.00033997
2021-12-11,DEXEUSDT,buy,0.0,0.033445,0.033445,0.226647,0.00033997
2021-12-11,ETHUSDT,sell,0.048127,0.0,-0.048127,0.226647,0.00033997
2021-12-11,INJUSDT,sell,0.031149,0.0,-0.031149,0.226647,0.00033997
2021-12-11,RAYUSDT,sell,0.046638,0.0,-0.046638,0.226647,0.00033997
2021-12-11,ZECUSDT,buy,0.0,0.0302,0.0302,0.226647,0.00033997
2021-12-14,BATUSDT,buy,0.0,0.03245,0.03245,0.164243,0.00024636
2021-12-14,DUSKUSDT,sell,0.030363,0.0,-0.030363,0.164243,0.00024636
2021-12-14,ETHUSDT,buy,0.0,0.071229,0.071229,0.164243,0.00024636
2021-12-14,ZECUSDT,sell,0.0302,0.0,-0.0302,0.164243,0.00024636
2021-12-17,AVAXUSDT,sell,0.038872,0.0,-0.038872,0.504828,0.00075724
2021-12-17,BATUSDT,sell,0.03245,0.0,-0.03245,0.504828,0.00075724
2021-12-17,DEXEUSDT,sell,0.033445,0.00151,-0.031934,0.504828,0.00075724
2021-12-17,ETHUSDT,sell,0.071229,0.0,-0.071229,0.504828,0.00075724
2021-12-17,ROSEUSDT,sell,0.030342,0.0,-0.030342,0.504828,0.00075724
2021-12-17,TUSDUSDT,buy,0.0,0.15,0.15,0.504828,0.00075724
2021-12-17,USDCUSDT,buy,0.0,0.15,0.15,0.504828,0.00075724
2021-12-20,USDCUSDT,sell,0.15,0.0,-0.15,0.15,0.000225
2021-12-23,USDCUSDT,buy,0.0,0.15,0.15,0.15,0.000225
2022-01-01,ATOMUSDT,sell,0.000974,0.0,-0.000974,0.302485,0.00045373
2022-01-01,DEXEUSDT,sell,0.00151,0.0,-0.00151,0.302485,0.00045373
2022-01-01,TUSDUSDT,sell,0.15,0.0,-0.15,0.302485,0.00045373
2022-01-01,USDCUSDT,sell,0.15,0.0,-0.15,0.302485,0.00045373
2023-01-17,ADAUSDT,buy,0.0,0.074353,0.074353,0.632376,0.00094856
2023-01-17,APEUSDT,buy,0.0,0.079692,0.079692,0.632376,0.00094856
2023-01-17,ATOMUSDT,buy,0.0,0.098717,0.098717,0.632376,0.00094856
2023-01-17,DUSKUSDT,buy,0.0,0.094016,0.094016,0.632376,0.00094856
2023-01-17,ETCUSDT,buy,0.0,0.041493,0.041493,0.632376,0.00094856
2023-01-17,ETHUSDT,buy,0.0,0.112777,0.112777,0.632376,0.00094856
2023-01-17,LTCUSDT,buy,0.0,0.092638,0.092638,0.632376,0.00094856
2023-01-17,ZILUSDT,buy,0.0,0.038691,0.038691,0.632376,0.00094856
2023-01-20,AAVEUSDT,buy,0.0,0.061613,0.061613,0.232287,0.00034843
2023-01-20,BCHUSDT,buy,0.0,0.09049,0.09049,0.232287,0.00034843
2023-01-20,ETCUSDT,sell,0.041493,0.0,-0.041493,0.232287,0.00034843
2023-01-20,ZILUSDT,sell,0.038691,0.0,-0.038691,0.232287,0.00034843
2023-01-23,BCHUSDT,sell,0.09049,0.0,-0.09049,0.454011,0.00068102
2023-01-23,DUSKUSDT,sell,0.094016,0.0,-0.094016,0.454011,0.00068102
2023-01-23,FILUSDT,buy,0.0,0.040849,0.040849,0.454011,0.00068102
2023-01-23,LTCUSDT,sell,0.092638,0.0,-0.092638,0.454011,0.00068102
2023-01-23,ROSEUSDT,buy,0.0,0.060656,0.060656,0.454011,0.00068102
2023-01-23,SHIBUSDT,buy,0.0,0.075363,0.075363,0.454011,0.00068102
2023-01-26,APEUSDT,sell,0.079692,0.0,-0.079692,0.489132,0.0007337
2023-01-26,ATOMUSDT,sell,0.098717,0.0,-0.098717,0.489132,0.0007337
2023-01-26,BATUSDT,buy,0.0,0.060741,0.060741,0.489132,0.0007337
2023-01-26,COMPUSDT,buy,0.0,0.03159,0.03159,0.489132,0.0007337
2023-01-26,FILUSDT,sell,0.040849,0.0,-0.040849,0.489132,0.0007337
2023-01-26,KAVAUSDT,buy,0.0,0.04074,0.04074,0.489132,0.0007337
2023-01-26,LTCUSDT,buy,0.0,0.076146,0.076146,0.489132,0.0007337
2023-01-26,ROSEUSDT,sell,0.060656,0.0,-0.060656,0.489132,0.0007337
2023-01-29,COMPUSDT,sell,0.03159,0.0,-0.03159,0.204518,0.00030678
2023-01-29,LTCUSDT,sell,0.076146,0.0,-0.076146,0.204518,0.00030678
2023-01-29,ROSEUSDT,buy,0.0,0.054833,0.054833,0.204518,0.00030678
2023-01-29,SNXUSDT,buy,0.0,0.04195,0.04195,0.204518,0.00030678
2023-02-01,APEUSDT,buy,0.0,0.049381,0.049381,0.350985,0.00052648
2023-02-01,BATUSDT,sell,0.060741,0.0,-0.060741,0.350985,0.00052648
2023-02-01,DUSKUSDT,buy,0.0,0.042012,0.042012,0.350985,0.00052648
2023-02-01,ETHUSDT,sell,0.112777,0.0,-0.112777,0.350985,0.00052648
2023-02-01,ROSEUSDT,sell,0.054833,0.0,-0.054833,0.350985,0.00052648
2023-02-01,STGUSDT,buy,0.0,0.031241,0.031241,0.350985,0.00052648
2023-02-04,AVAXUSDT,buy,0.0,0.032987,0.032987,0.237932,0.0003569
2023-02-04,BATUSDT,buy,0.0,0.053224,0.053224,0.237932,0.0003569
2023-02-04,BCHUSDT,buy,0.0,0.078529,0.078529,0.237932,0.0003569
2023-02-04,SNXUSDT,sell,0.04195,0.0,-0.04195,0.237932,0.0003569
2023-02-04,STGUSDT,sell,0.031241,0.0,-0.031241,0.237932,0.0003569
2023-02-07,AAVEUSDT,sell,0.061613,0.0,-0.061613,0.400798,0.0006012
2023-02-07,BATUSDT,sell,0.053224,0.0,-0.053224,0.400798,0.0006012
2023-02-07,CAKEUSDT,buy,0.0,0.090058,0.090058,0.400798,0.0006012
2023-02-07,FILUSDT,buy,0.0,0.034586,0.034586,0.400798,0.0006012
2023-02-07,KAVAUSDT,sell,0.04074,0.0,-0.04074,0.400798,0.0006012
2023-02-07,ROSEUSDT,buy,0.0,0.045213,0.045213,0.400798,0.0006012
2023-02-07,SHIBUSDT,sell,0.075363,0.0,-0.075363,0.400798,0.0006012
2023-02-10,AAVEUSDT,buy,0.0,0.043154,0.043154,0.418031,0.00062705
2023-02-10,APEUSDT,sell,0.049381,0.0,-0.049381,0.418031,0.00062705
2023-02-10,BCHUSDT,sell,0.078529,0.0,-0.078529,0.418031,0.00062705
2023-02-10,CAKEUSDT,sell,0.090058,0.0,-0.090058,0.418031,0.00062705
2023-02-10,KAVAUSDT,buy,0.0,0.039478,0.039478,0.418031,0.00062705
2023-02-10,ROSEUSDT,sell,0.045213,0.0,-0.045213,0.418031,0.00062705
2023-02-10,SFPUSDT,buy,0.0,0.03481,0.03481,0.418031,0.00062705
2023-02-10,SUSHIUSDT,buy,0.0,0.037408,0.037408,0.418031,0.00062705
2023-02-13,1INCHUSDT,buy,0.0,0.056303,0.056303,0.559396,0.00083909
2023-02-13,AAVEUSDT,sell,0.043154,0.0,-0.043154,0.559396,0.00083909
2023-02-13,ADAUSDT,sell,0.074353,0.0,-0.074353,0.559396,0.00083909
2023-02-13,BATUSDT,buy,0.0,0.044157,0.044157,0.559396,0.00083909
2023-02-13,BCHUSDT,buy,0.0,0.085179,0.085179,0.559396,0.00083909
2023-02-13,CAKEUSDT,buy,0.0,0.06564,0.06564,0.559396,0.00083909
2023-02-13,FILUSDT,sell,0.034586,0.0,-0.034586,0.559396,0.00083909
2023-02-13,KAVAUSDT,sell,0.039478,0.0,-0.039478,0.559396,0.00083909
2023-02-13,SFPUSDT,sell,0.03481,0.0,-0.03481,0.559396,0.00083909
2023-02-13,SHIBUSDT,buy,0.0,0.044328,0.044328,0.559396,0.00083909
2023-02-13,SUSHIUSDT,sell,0.037408,0.0,-0.037408,0.559396,0.00083909
2023-02-16,AVAXUSDT,sell,0.032987,0.0,-0.032987,0.118167,0.00017725
2023-02-16,BCHUSDT,sell,0.085179,0.0,-0.085179,0.118167,0.00017725
2023-02-22,1INCHUSDT,sell,0.056303,0.0,-0.056303,0.285583,0.00042837
2023-02-22,CAKEUSDT,sell,0.06564,0.0,-0.06564,0.285583,0.00042837
2023-02-22,SHIBUSDT,sell,0.044328,0.0,-0.044328,0.285583,0.00042837
2023-02-22,TRXUSDT,buy,0.0,0.073973,0.073973,0.285583,0.00042837
2023-02-22,ZILUSDT,buy,0.0,0.045338,0.045338,0.285583,0.00042837
2023-02-25,DOTUSDT,buy,0.0,0.044942,0.044942,0.09028,0.00013542
2023-02-25,ZILUSDT,sell,0.045338,0.0,-0.045338,0.09028,0.00013542
2023-02-28,ZILUSDT,buy,0.0,0.046371,0.046371,0.046371,6.956e-05
2023-03-03,DEXEUSDT,buy,0.0,0.053587,0.053587,0.238138,0.00035721
2023-03-03,DOTUSDT,sell,0.044942,0.0,-0.044942,0.238138,0.00035721
2023-03-03,DUSKUSDT,sell,0.042012,0.0,-0.042012,0.238138,0.00035721
2023-03-03,LINKUSDT,buy,0.0,0.058242,0.058242,0.238138,0.00035721
2023-03-03,YFIUSDT,buy,0.0,0.039355,0.039355,0.238138,0.00035721
2023-03-06,LINKUSDT,sell,0.058242,0.0,-0.058242,0.058242,8.736e-05
2023-03-09,BATUSDT,sell,0.044157,0.0,-0.044157,0.13164,0.00019746
2023-03-09,DEXEUSDT,sell,0.053587,0.0,-0.053587,0.13164,0.00019746
2023-03-09,SNXUSDT,buy,0.0,0.033896,0.033896,0.13164,0.00019746
2023-03-12,FETUSDT,buy,0.0,0.038695,0.038695,0.178458,0.00026769
2023-03-12,LDOUSDT,buy,0.0,0.037618,0.037618,0.178458,0.00026769
2023-03-12,RAYUSDT,buy,0.0,0.055775,0.055775,0.178458,0.00026769
2023-03-12,ZILUSDT,sell,0.046371,0.0,-0.046371,0.178458,0.00026769
2023-03-15,ACHUSDT,buy,0.0,0.034153,0.034153,0.24468,0.00036702
2023-03-15,FETUSDT,sell,0.038695,0.0,-0.038695,0.24468,0.00036702
2023-03-15,FILUSDT,buy,0.0,0.042084,0.042084,0.24468,0.00036702
2023-03-15,RAYUSDT,sell,0.055775,0.0,-0.055775,0.24468,0.00036702
2023-03-15,TRXUSDT,sell,0.073973,0.0,-0.073973,0.24468,0.00036702
2023-03-18,ACHUSDT,buy,0.034153,0.083145,0.048992,0.351943,0.00052791
2023-03-18,FILUSDT,sell,0.042084,0.0,-0.042084,0.351943,0.00052791
2023-03-18,KAVAUSDT,buy,0.0,0.15,0.15,0.351943,0.00052791
2023-03-18,LDOUSDT,sell,0.037618,0.0,-0.037618,0.351943,0.00052791
2023-03-18,SNXUSDT,sell,0.033896,0.0,-0.033896,0.351943,0.00052791
2023-03-18,YFIUSDT,sell,0.039355,0.0,-0.039355,0.351943,0.00052791
2023-03-21,ACHUSDT,sell,0.083145,0.018284,-0.064861,0.38474,0.00057711
2023-03-21,ETHUSDT,buy,0.0,0.07477,0.07477,0.38474,0.00057711
2023-03-21,KAVAUSDT,sell,0.15,0.044629,-0.105371,0.38474,0.00057711
2023-03-21,LDOUSDT,buy,0.0,0.035408,0.035408,0.38474,0.00057711
2023-03-21,TRXUSDT,buy,0.0,0.071019,0.071019,0.38474,0.00057711
2023-03-21,YFIUSDT,buy,0.0,0.033312,0.033312,0.38474,0.00057711
2023-03-24,ATOMUSDT,buy,0.0,0.090481,0.090481,0.346164,0.00051925
2023-03-24,ETHUSDT,buy,0.07477,0.105217,0.030447,0.346164,0.00051925
2023-03-24,INJUSDT,buy,0.0,0.043456,0.043456,0.346164,0.00051925
2023-03-24,LDOUSDT,sell,0.035408,0.0,-0.035408,0.346164,0.00051925
2023-03-24,SNXUSDT,buy,0.0,0.042041,0.042041,0.346164,0.00051925
2023-03-24,TRXUSDT,sell,0.071019,0.0,-0.071019,0.346164,0.00051925
2023-03-24,YFIUSDT,sell,0.033312,0.0,-0.033312,0.346164,0.00051925
2023-03-27,1INCHUSDT,buy,0.0,0.047661,0.047661,0.321137,0.00048171
2023-03-27,ATOMUSDT,sell,0.090481,0.0,-0.090481,0.321137,0.00048171
2023-03-27,BCHUSDT,buy,0.0,0.058387,0.058387,0.321137,0.00048171
2023-03-27,ETCUSDT,buy,0.0,0.048991,0.048991,0.321137,0.00048171
2023-03-27,ETHUSDT,sell,0.105217,0.062404,-0.042813,0.321137,0.00048171
2023-03-27,YFIUSDT,buy,0.0,0.032805,0.032805,0.321137,0.00048171
2023-03-30,1INCHUSDT,sell,0.047661,0.0,-0.047661,0.536236,0.00080435
2023-03-30,ACHUSDT,buy,0.018284,0.048323,0.030038,0.536236,0.00080435
2023-03-30,ADAUSDT,buy,0.0,0.101284,0.101284,0.536236,0.00080435
2023-03-30,BCHUSDT,sell,0.058387,0.0,-0.058387,0.536236,0.00080435
2023-03-30,ETCUSDT,sell,0.048991,0.0,-0.048991,0.536236,0.00080435
2023-03-30,ETHUSDT,buy,0.062404,0.122148,0.059744,0.536236,0.00080435
2023-03-30,KAVAUSDT,sell,0.044629,0.0,-0.044629,0.536236,0.00080435
2023-03-30,SNXUSDT,sell,0.042041,0.0,-0.042041,0.536236,0.00080435
2023-03-30,XRPUSDT,buy,0.0,0.070656,0.070656,0.536236,0.00080435
2023-03-30,YFIUSDT,sell,0.032805,0.0,-0.032805,0.536236,0.00080435
2023-04-02,ACHUSDT,sell,0.048323,0.0,-0.048323,0.198795,0.00029819
2023-04-02,ETCUSDT,buy,0.0,0.080258,0.080258,0.198795,0.00029819
2023-04-02,LTCUSDT,buy,0.0,0.070214,0.070214,0.198795,0.00029819
2023-04-08,1INCHUSDT,buy,0.0,0.045961,0.045961,0.458746,0.00068812
2023-04-08,ADAUSDT,sell,0.101284,0.051116,-0.050167,0.458746,0.00068812
2023-04-08,AVAXUSDT,buy,0.0,0.046568,0.046568,0.458746,0.00068812
2023-04-08,BATUSDT,buy,0.0,0.04289,0.04289,0.458746,0.00068812
2023-04-08,ETCUSDT,sell,0.080258,0.0,-0.080258,0.458746,0.00068812
2023-04-08,ETHUSDT,sell,0.122148,0.064058,-0.05809,0.458746,0.00068812
2023-04-08,LINKUSDT,buy,0.0,0.053209,0.053209,0.458746,0.00068812
2023-04-08,XRPUSDT,sell,0.070656,0.034428,-0.036228,0.458746,0.00068812
2023-04-08,ZILUSDT,buy,0.0,0.045375,0.045375,0.458746,0.00068812
2023-04-11,1INCHUSDT,sell,0.045961,0.0,-0.045961,0.239775,0.00035966
2023-04-11,AVAXUSDT,sell,0.046568,0.0,-0.046568,0.239775,0.00035966
2023-04-11,DOGEUSDT,buy,0.0,0.037531,0.037531,0.239775,0.00035966
2023-04-11,DOTUSDT,buy,0.0,0.056506,0.056506,0.239775,0.00035966
2023-04-11,LINKUSDT,sell,0.053209,0.0,-0.053209,0.239775,0.00035966
2023-04-14,AAVEUSDT,buy,0.0,0.061296,0.061296,0.255249,0.00038287
2023-04-14,ACHUSDT,buy,0.0,0.030533,0.030533,0.255249,0.00038287
2023-04-14,DOTUSDT,sell,0.056506,0.0,-0.056506,0.255249,0.00038287
2023-04-14,LTCUSDT,sell,0.070214,0.0,-0.070214,0.255249,0.00038287
2023-04-14,STGUSDT,buy,0.0,0.0367,0.0367,0.255249,0.00038287
2023-04-17,AAVEUSDT,sell,0.061296,0.0,-0.061296,0.228854,0.00034328
2023-04-17,LTCUSDT,buy,0.0,0.069165,0.069165,0.228854,0.00034328
2023-04-17,STGUSDT,sell,0.0367,0.0,-0.0367,0.228854,0.00034328
2023-04-17,ZECUSDT,buy,0.0,0.061693,0.061693,0.228854,0.00034328
2023-04-20,ADAUSDT,sell,0.051116,0.004401,-0.046715,0.726618,0.00108993
2023-04-20,BATUSDT,sell,0.04289,0.004059,-0.038831,0.726618,0.00108993
2023-04-20,DOGEUSDT,sell,0.037531,0.0,-0.037531,0.726618,0.00108993
2023-04-20,ETHUSDT,sell,0.064058,0.005505,-0.058553,0.726618,0.00108993
2023-04-20,INJUSDT,sell,0.043456,0.002318,-0.041138,0.726618,0.00108993
2023-04-20,LTCUSDT,sell,0.069165,0.0,-0.069165,0.726618,0.00108993
2023-04-20,TUSDUSDT,buy,0.0,0.15,0.15,0.726618,0.00108993
2023-04-20,USDCUSDT,buy,0.0,0.15,0.15,0.726618,0.00108993
2023-04-20,XRPUSDT,sell,0.034428,0.002574,-0.031854,0.726618,0.00108993
2023-04-20,ZECUSDT,sell,0.061693,0.004237,-0.057456,0.726618,0.00108993
2023-04-20,ZILUSDT,sell,0.045375,0.0,-0.045375,0.726618,0.00108993
2023-04-23,ACHUSDT,sell,0.030533,0.0,-0.030533,0.908543,0.00136281
2023-04-23,ADAUSDT,buy,0.004401,0.066001,0.0616,0.908543,0.00136281
2023-04-23,APEUSDT,buy,0.0,0.081062,0.081062,0.908543,0.00136281
2023-04-23,AVAXUSDT,buy,0.0,0.062238,0.062238,0.908543,0.00136281
2023-04-23,ETCUSDT,buy,0.0,0.081563,0.081563,0.908543,0.00136281
2023-04-23,ETHUSDT,buy,0.005505,0.0764,0.070895,0.908543,0.00136281
2023-04-23,LINKUSDT,buy,0.0,0.058991,0.058991,0.908543,0.00136281
2023-04-23,ROSEUSDT,buy,0.0,0.043167,0.043167,0.908543,0.00136281
2023-04-23,TUSDUSDT,sell,0.15,0.0,-0.15,0.908543,0.00136281
2023-04-23,USDCUSDT,sell,0.15,0.0,-0.15,0.908543,0.00136281
2023-04-23,XRPUSDT,buy,0.002574,0.057005,0.054431,0.908543,0.00136281
2023-04-23,ZECUSDT,buy,0.004237,0.0683,0.064062,0.908543,0.00136281
2023-04-26,ADAUSDT,sell,0.066001,0.003573,-0.062428,0.87414,0.00131121
2023-04-26,APEUSDT,sell,0.081062,0.0,-0.081062,0.87414,0.00131121
2023-04-26,AVAXUSDT,sell,0.062238,0.00329,-0.058948,0.87414,0.00131121
2023-04-26,ETCUSDT,sell,0.081563,0.0,-0.081563,0.87414,0.00131121
2023-04-26,ETHUSDT,sell,0.0764,0.004222,-0.072178,0.87414,0.00131121
2023-04-26,LINKUSDT,sell,0.058991,0.003292,-0.055699,0.87414,0.00131121
2023-04-26,ROSEUSDT,sell,0.043167,0.002284,-0.040884,0.87414,0.00131121
2023-04-26,TUSDUSDT,buy,0.0,0.15,0.15,0.87414,0.00131121
2023-04-26,USDCUSDT,buy,0.0,0.15,0.15,0.87414,0.00131121
2023-04-26,XRPUSDT,sell,0.057005,0.0,-0.057005,0.87414,0.00131121
2023-04-26,ZECUSDT,sell,0.0683,0.003926,-0.064373,0.87414,0.00131121
2023-05-02,TUSDUSDT,sell,0.15,0.092918,-0.057082,0.057082,8.562e-05
2023-05-05,TUSDUSDT,sell,0.092918,0.0,-0.092918,0.092918,0.00013938
2023-05-08,ATOMUSDT,buy,0.0,0.058544,0.058544,0.528904,0.00079336
2023-05-08,DEXEUSDT,buy,0.0,0.042978,0.042978,0.528904,0.00079336
2023-05-08,TRXUSDT,buy,0.0,0.127382,0.127382,0.528904,0.00079336
2023-05-08,TUSDUSDT,buy,0.0,0.15,0.15,0.528904,0.00079336
2023-05-08,USDCUSDT,sell,0.15,0.0,-0.15,0.528904,0.00079336
2023-05-11,ATOMUSDT,sell,0.058544,0.0,-0.058544,0.351036,0.00052655
2023-05-11,DEXEUSDT,sell,0.042978,0.006897,-0.036081,0.351036,0.00052655
2023-05-11,TRXUSDT,sell,0.127382,0.020971,-0.106411,0.351036,0.00052655
2023-05-11,USDCUSDT,buy,0.0,0.15,0.15,0.351036,0.00052655
2023-05-14,TRXUSDT,buy,0.020971,0.15,0.129029,0.429029,0.00064354
2023-05-14,TUSDUSDT,sell,0.15,0.0,-0.15,0.429029,0.00064354
2023-05-14,USDCUSDT,sell,0.15,0.0,-0.15,0.429029,0.00064354
2023-05-20,ATOMUSDT,buy,0.0,0.065424,0.065424,0.250429,0.00037564
2023-05-20,KAVAUSDT,buy,0.0,0.035005,0.035005,0.250429,0.00037564
2023-05-20,TUSDUSDT,buy,0.0,0.15,0.15,0.250429,0.00037564
2023-05-23,ATOMUSDT,sell,0.065424,0.0,-0.065424,0.381899,0.00057285
2023-05-23,TRXUSDT,sell,0.15,0.016377,-0.133623,0.381899,0.00057285
2023-05-23,TUSDUSDT,sell,0.15,0.117149,-0.032851,0.381899,0.00057285
2023-05-23,USDCUSDT,buy,0.0,0.15,0.15,0.381899,0.00057285
2023-05-26,KAVAUSDT,sell,0.035005,0.0049,-0.030105,0.030105,4.516e-05
2023-05-29,TUSDUSDT,sell,0.117149,0.0,-0.117149,0.117149,0.00017572
2023-06-01,TUSDUSDT,buy,0.0,0.15,0.15,0.15,0.000225
2023-06-07,TUSDUSDT,sell,0.15,0.0,-0.15,0.15,0.000225
2023-06-10,ACHUSDT,buy,0.0,0.040578,0.040578,0.746587,0.00111988
2023-06-10,ETHUSDT,buy,0.004222,0.114506,0.110285,0.746587,0.00111988
2023-06-10,FILUSDT,buy,0.0,0.064432,0.064432,0.746587,0.00111988
2023-06-10,INJUSDT,buy,0.002318,0.039299,0.03698,0.746587,0.00111988
2023-06-10,KAVAUSDT,buy,0.0049,0.04318,0.03828,0.746587,0.00111988
2023-06-10,LDOUSDT,buy,0.0,0.035802,0.035802,0.746587,0.00111988
2023-06-10,LTCUSDT,buy,0.0,0.073951,0.073951,0.746587,0.00111988
2023-06-10,STGUSDT,buy,0.0,0.053777,0.053777,0.746587,0.00111988
2023-06-10,TRXUSDT,buy,0.016377,0.07163,0.055254,0.746587,0.00111988
2023-06-10,USDCUSDT,sell,0.15,0.0,-0.15,0.746587,0.00111988
2023-06-10,XRPUSDT,buy,0.0,0.087248,0.087248,0.746587,0.00111988
2023-06-13,ACHUSDT,sell,0.040578,0.0,-0.040578,0.888014,0.00133202
2023-06-13,ETHUSDT,sell,0.114506,0.0,-0.114506,0.888014,0.00133202
2023-06-13,FILUSDT,sell,0.064432,0.0,-0.064432,0.888014,0.00133202
2023-06-13,INJUSDT,sell,0.039299,0.002416,-0.036883,0.888014,0.00133202
2023-06-13,KAVAUSDT,sell,0.04318,0.002548,-0.040633,0.888014,0.00133202
2023-06-13,LDOUSDT,sell,0.035802,0.002483,-0.033319,0.888014,0.00133202
2023-06-13,LTCUSDT,sell,0.073951,0.003582,-0.070369,0.888014,0.00133202
2023-06-13,STGUSDT,sell,0.053777,0.0,-0.053777,0.888014,0.00133202
2023-06-13,TRXUSDT,sell,0.07163,0.004638,-0.066992,0.888014,0.00133202
2023-06-13,TUSDUSDT,buy,0.0,0.134512,0.134512,0.888014,0.00133202
2023-06-13,USDCUSDT,buy,0.0,0.15,0.15,0.888014,0.00133202
2023-06-13,XRPUSDT,sell,0.087248,0.005235,-0.082013,0.888014,0.00133202
2023-06-19,TUSDUSDT,sell,0.134512,0.0,-0.134512,0.429278,0.00064392
2023-06-19,USDCUSDT,sell,0.15,0.0,-0.15,0.429278,0.00064392
2023-06-19,XRPUSDT,buy,0.005235,0.15,0.144765,0.429278,0.00064392
2023-06-22,TUSDUSDT,buy,0.0,0.15,0.15,0.443114,0.00066467
2023-06-22,USDCUSDT,buy,0.0,0.15,0.15,0.443114,0.00066467
2023-06-22,XRPUSDT,sell,0.15,0.006886,-0.143114,0.443114,0.00066467
2023-07-01,ETCUSDT,buy,0.0,0.040417,0.040417,0.647883,0.00097183
2023-07-01,ETHUSDT,buy,0.0,0.081052,0.081052,0.647883,0.00097183
2023-07-01,FETUSDT,buy,0.0,0.037877,0.037877,0.647883,0.00097183
2023-07-01,INJUSDT,buy,0.002416,0.038027,0.035612,0.647883,0.00097183
2023-07-01,ROSEUSDT,buy,0.002284,0.049404,0.04712,0.647883,0.00097183
2023-07-01,SFPUSDT,buy,0.0,0.04693,0.04693,0.647883,0.00097183
2023-07-01,TUSDUSDT,sell,0.15,0.0,-0.15,0.647883,0.00097183
2023-07-01,USDCUSDT,sell,0.15,0.0,-0.15,0.647883,0.00097183
2023-07-01,YFIUSDT,buy,0.0,0.058876,0.058876,0.647883,0.00097183
2023-07-04,AAVEUSDT,buy,0.0,0.034614,0.034614,0.199792,0.00029969
2023-07-04,FETUSDT,sell,0.037877,0.0,-0.037877,0.199792,0.00029969
2023-07-04,KAVAUSDT,buy,0.002548,0.036645,0.034097,0.199792,0.00029969
2023-07-04,ROSEUSDT,sell,0.049404,0.0,-0.049404,0.199792,0.00029969
2023-07-04,UNIUSDT,buy,0.0,0.043801,0.043801,0.199792,0.00029969
2023-07-07,ETHUSDT,sell,0.081052,0.0,-0.081052,0.356334,0.0005345
2023-07-07,KAVAUSDT,sell,0.036645,0.0,-0.036645,0.356334,0.0005345
2023-07-07,RAYUSDT,buy,0.0,0.048822,0.048822,0.356334,0.0005345
2023-07-07,SNXUSDT,buy,0.0,0.040173,0.040173,0.356334,0.0005345
2023-07-07,TRXUSDT,buy,0.004638,0.11048,0.105841,0.356334,0.0005345
2023-07-07,UNIUSDT,sell,0.043801,0.0,-0.043801,0.356334,0.0005345
2023-07-10,DOTUSDT,buy,0.0,0.066687,0.066687,0.408143,0.00061222
2023-07-10,LINKUSDT,buy,0.003292,0.05377,0.050478,0.408143,0.00061222
2023-07-10,RAYUSDT,sell,0.048822,0.0,-0.048822,0.408143,0.00061222
2023-07-10,SFPUSDT,sell,0.04693,0.0,-0.04693,0.408143,0.00061222
2023-07-10,SNXUSDT,sell,0.040173,0.0,-0.040173,0.408143,0.00061222
2023-07-10,TRXUSDT,sell,0.11048,0.0,-0.11048,0.408143,0.00061222
2023-07-10,UNIUSDT,buy,0.0,0.044575,0.044575,0.408143,0.00061222
2023-07-13,DOTUSDT,sell,0.066687,0.0,-0.066687,0.353007,0.00052951
2023-07-13,FILUSDT,buy,0.0,0.052595,0.052595,0.353007,0.00052951
2023-07-13,LINKUSDT,sell,0.05377,0.0,-0.05377,0.353007,0.00052951
2023-07-13,LTCUSDT,buy,0.003582,0.033956,0.030374,0.353007,0.00052951
2023-07-13,UNIUSDT,sell,0.044575,0.0,-0.044575,0.353007,0.00052951
2023-07-13,ZECUSDT,buy,0.003926,0.052031,0.048105,0.353007,0.00052951
2023-07-13,ZILUSDT,buy,0.0,0.056902,0.056902,0.353007,0.00052951
2023-07-16,DEXEUSDT,buy,0.006897,0.042152,0.035255,0.365995,0.00054899
2023-07-16,LTCUSDT,sell,0.033956,0.0,-0.033956,0.365995,0.00054899
2023-07-16,RAYUSDT,buy,0.0,0.060446,0.060446,0.365995,0.00054899
2023-07-16,TRXUSDT,buy,0.0,0.127406,0.127406,0.365995,0.00054899
2023-07-16,ZECUSDT,sell,0.052031,0.0,-0.052031,0.365995,0.00054899
2023-07-16,ZILUSDT,sell,0.056902,0.0,-0.056902,0.365995,0.00054899
2023-07-19,ETCUSDT,sell,0.040417,0.0,-0.040417,0.202496,0.00030374
2023-07-19,KAVAUSDT,buy,0.0,0.044605,0.044605,0.202496,0.00030374
2023-07-19,RAYUSDT,sell,0.060446,0.0,-0.060446,0.202496,0.00030374
2023-07-19,STGUSDT,buy,0.0,0.057028,0.057028,0.202496,0.00030374
2023-07-22,AVAXUSDT,buy,0.00329,0.064015,0.060725,0.374708,0.00056206
2023-07-22,DEXEUSDT,sell,0.042152,0.0,-0.042152,0.374708,0.00056206
2023-07-22,FILUSDT,sell,0.052595,0.0,-0.052595,0.374708,0.00056206
2023-07-22,KAVAUSDT,sell,0.044605,0.0,-0.044605,0.374708,0.00056206
2023-07-22,LDOUSDT,buy,0.002483,0.037746,0.035263,0.374708,0.00056206
2023-07-22,SNXUSDT,buy,0.0,0.033522,0.033522,0.374708,0.00056206
2023-07-22,UNIUSDT,buy,0.0,0.046972,0.046972,0.374708,0.00056206
2023-07-22,YFIUSDT,sell,0.058876,0.0,-0.058876,0.374708,0.00056206
2023-07-25,1INCHUSDT,buy,0.0,0.037054,0.037054,0.383872,0.00057581
2023-07-25,AAVEUSDT,sell,0.034614,0.0,-0.034614,0.383872,0.00057581
2023-07-25,BCHUSDT,buy,0.0,0.034404,0.034404,0.383872,0.00057581
2023-07-25,LDOUSDT,sell,0.037746,0.0,-0.037746,0.383872,0.00057581
2023-07-25,LINKUSDT,buy,0.0,0.037585,0.037585,0.383872,0.00057581
2023-07-25,RAYUSDT,buy,0.0,0.041752,0.041752,0.383872,0.00057581
2023-07-25,STGUSDT,sell,0.057028,0.0,-0.057028,0.383872,0.00057581
2023-07-25,UNIUSDT,sell,0.046972,0.0,-0.046972,0.383872,0.00057581
2023-07-25,ZILUSDT,buy,0.0,0.056716,0.056716,0.383872,0.00057581
2023-07-28,1INCHUSDT,sell,0.037054,0.0,-0.037054,0.268342,0.00040251
2023-07-28,AVAXUSDT,sell,0.064015,0.0,-0.064015,0.268342,0.00040251
2023-07-28,AXSUSDT,buy,0.0,0.055042,0.055042,0.268342,0.00040251
2023-07-28,UNIUSDT,buy,0.0,0.055515,0.055515,0.268342,0.00040251
2023-07-28,ZILUSDT,sell,0.056716,0.0,-0.056716,0.268342,0.00040251
2023-07-31,AXSUSDT,sell,0.055042,0.0,-0.055042,0.548512,0.00082277
2023-07-31,BCHUSDT,sell,0.034404,0.0,-0.034404,0.548512,0.00082277
2023-07-31,INJUSDT,sell,0.038027,0.003811,-0.034216,0.548512,0.00082277
2023-07-31,LINKUSDT,sell,0.037585,0.00277,-0.034815,0.548512,0.00082277
2023-07-31,RAYUSDT,sell,0.041752,0.003126,-0.038626,0.548512,0.00082277
2023-07-31,SNXUSDT,sell,0.033522,0.002701,-0.030821,0.548512,0.00082277
2023-07-31,TRXUSDT,sell,0.127406,0.007719,-0.119687,0.548512,0.00082277
2023-07-31,UNIUSDT,sell,0.055515,0.004614,-0.050901,0.548512,0.00082277
2023-07-31,USDCUSDT,buy,0.0,0.15,0.15,0.548512,0.00082277
2023-08-06,COMPUSDT,buy,0.0,0.034411,0.034411,0.78842,0.00118263
2023-08-06,DEXEUSDT,buy,0.0,0.10555,0.10555,0.78842,0.00118263
2023-08-06,DOGEUSDT,buy,0.0,0.060805,0.060805,0.78842,0.00118263
2023-08-06,FILUSDT,buy,0.0,0.078301,0.078301,0.78842,0.00118263
2023-08-06,LINKUSDT,buy,0.00277,0.038505,0.035735,0.78842,0.00118263
2023-08-06,SHIBUSDT,buy,0.0,0.058187,0.058187,0.78842,0.00118263
2023-08-06,SNXUSDT,buy,0.002701,0.037216,0.034515,0.78842,0.00118263
2023-08-06,TRXUSDT,buy,0.007719,0.101287,0.093568,0.78842,0.00118263
2023-08-06,TWTUSDT,buy,0.0,0.081205,0.081205,0.78842,0.00118263
2023-08-06,UNIUSDT,buy,0.004614,0.060756,0.056143,0.78842,0.00118263
2023-08-06,USDCUSDT,sell,0.15,0.0,-0.15,0.78842,0.00118263
2023-08-09,COMPUSDT,sell,0.034411,0.0,-0.034411,0.931919,0.00139788
2023-08-09,DEXEUSDT,sell,0.10555,0.0,-0.10555,0.931919,0.00139788
2023-08-09,DOGEUSDT,sell,0.060805,0.004986,-0.055818,0.931919,0.00139788
2023-08-09,FILUSDT,sell,0.078301,0.0,-0.078301,0.931919,0.00139788
2023-08-09,LINKUSDT,sell,0.038505,0.003178,-0.035327,0.931919,0.00139788
2023-08-09,SHIBUSDT,sell,0.058187,0.004351,-0.053836,0.931919,0.00139788
2023-08-09,SNXUSDT,sell,0.037216,0.0,-0.037216,0.931919,0.00139788
2023-08-09,TRXUSDT,sell,0.101287,0.0,-0.101287,0.931919,0.00139788
2023-08-09,TUSDUSDT,buy,0.0,0.15,0.15,0.931919,0.00139788
2023-08-09,TWTUSDT,sell,0.081205,0.006627,-0.074579,0.931919,0.00139788
2023-08-09,UNIUSDT,sell,0.060756,0.005162,-0.055594,0.931919,0.00139788
2023-08-09,USDCUSDT,buy,0.0,0.15,0.15,0.931919,0.00139788
2023-08-21,ADAUSDT,sell,0.003573,0.0,-0.003573,0.34576,0.00051864
2023-08-21,BATUSDT,sell,0.004059,0.0,-0.004059,0.34576,0.00051864
2023-08-21,DOGEUSDT,sell,0.004986,0.0,-0.004986,0.34576,0.00051864
2023-08-21,INJUSDT,sell,0.003811,0.0,-0.003811,0.34576,0.00051864
2023-08-21,LINKUSDT,sell,0.003178,0.0,-0.003178,0.34576,0.00051864
2023-08-21,RAYUSDT,sell,0.003126,0.0,-0.003126,0.34576,0.00051864
2023-08-21,SHIBUSDT,sell,0.004351,0.0,-0.004351,0.34576,0.00051864
2023-08-21,TUSDUSDT,sell,0.15,0.0,-0.15,0.34576,0.00051864
2023-08-21,TWTUSDT,sell,0.006627,0.0,-0.006627,0.34576,0.00051864
2023-08-21,UNIUSDT,sell,0.005162,0.0,-0.005162,0.34576,0.00051864
2023-08-21,USDCUSDT,sell,0.15,0.0,-0.15,0.34576,0.00051864
2023-08-21,XRPUSDT,sell,0.006886,0.0,-0.006886,0.34576,0.00051864
2023-10-23,FDUSDUSDT,buy,0.0,0.15,0.15,0.3,0.00045
2023-10-23,TUSDUSDT,buy,0.0,0.15,0.15,0.3,0.00045
2023-10-26,USDCUSDT,buy,0.0,0.15,0.15,0.15,0.000225
2023-10-29,BATUSDT,buy,0.0,0.070895,0.070895,1.043834,0.00156575
2023-10-29,BCHUSDT,buy,0.0,0.066988,0.066988,1.043834,0.00156575
2023-10-29,FDUSDUSDT,sell,0.15,0.0,-0.15,1.043834,0.00156575
2023-10-29,INJUSDT,buy,0.0,0.044657,0.044657,1.043834,0.00156575
2023-10-29,LINKUSDT,buy,0.0,0.042234,0.042234,1.043834,0.00156575
2023-10-29,PENDLEUSDT,buy,0.0,0.048323,0.048323,1.043834,0.00156575
2023-10-29,RAYUSDT,buy,0.0,0.055778,0.055778,1.043834,0.00156575
2023-10-29,SFPUSDT,buy,0.0,0.075777,0.075777,1.043834,0.00156575
2023-10-29,TRXUSDT,buy,0.0,0.136303,0.136303,1.043834,0.00156575
2023-10-29,TUSDUSDT,sell,0.15,0.0,-0.15,1.043834,0.00156575
2023-10-29,TWTUSDT,buy,0.0,0.052879,0.052879,1.043834,0.00156575
2023-10-29,USDCUSDT,sell,0.15,0.0,-0.15,1.043834,0.00156575
2023-11-01,AAVEUSDT,buy,0.0,0.050749,0.050749,0.96645,0.00144968
2023-11-01,ADAUSDT,buy,0.0,0.105962,0.105962,0.96645,0.00144968
2023-11-01,BATUSDT,sell,0.070895,0.0,-0.070895,0.96645,0.00144968
2023-11-01,BCHUSDT,sell,0.066988,0.0,-0.066988,0.96645,0.00144968
2023-11-01,ETHUSDT,buy,0.0,0.108394,0.108394,0.96645,0.00144968
2023-11-01,FETUSDT,buy,0.0,0.047118,0.047118,0.96645,0.00144968
2023-11-01,LDOUSDT,buy,0.0,0.067931,0.067931,0.96645,0.00144968
2023-11-01,PENDLEUSDT,sell,0.048323,0.0,-0.048323,0.96645,0.00144968
2023-11-01,RAYUSDT,sell,0.055778,0.0,-0.055778,0.96645,0.00144968
2023-11-01,ROSEUSDT,buy,0.0,0.076453,0.076453,0.96645,0.00144968
2023-11-01,SNXUSDT,buy,0.0,0.078677,0.078677,0.96645,0.00144968
2023-11-01,TRXUSDT,sell,0.136303,0.0,-0.136303,0.96645,0.00144968
2023-11-01,TWTUSDT,sell,0.052879,0.0,-0.052879,0.96645,0.00144968
2023-11-04,AAVEUSDT,sell,0.050749,0.0,-0.050749,0.319721,0.00047958
2023-11-04,APEUSDT,buy,0.0,0.068508,0.068508,0.319721,0.00047958
2023-11-04,LDOUSDT,sell,0.067931,0.0,-0.067931,0.319721,0.00047958
2023-11-04,PENDLEUSDT,buy,0.0,0.053856,0.053856,0.319721,0.00047958
2023-11-04,SNXUSDT,sell,0.078677,0.0,-0.078677,0.319721,0.00047958
2023-11-07,ATOMUSDT,buy,0.0,0.073879,0.073879,0.320712,0.00048107
2023-11-07,AXSUSDT,buy,0.0,0.061986,0.061986,0.320712,0.00048107
2023-11-07,ETHUSDT,sell,0.108394,0.0,-0.108394,0.320712,0.00048107
2023-11-07,ROSEUSDT,sell,0.076453,0.0,-0.076453,0.320712,0.00048107
2023-11-10,ATOMUSDT,sell,0.073879,0.0,-0.073879,0.591404,0.00088711
2023-11-10,AVAXUSDT,buy,0.0,0.069013,0.069013,0.591404,0.00088711
2023-11-10,AXSUSDT,sell,0.061986,0.0,-0.061986,0.591404,0.00088711
2023-11-10,LINKUSDT,sell,0.042234,0.0,-0.042234,0.591404,0.00088711
2023-11-10,PENDLEUSDT,sell,0.053856,0.0,-0.053856,0.591404,0.00088711
2023-11-10,ROSEUSDT,buy,0.0,0.045412,0.045412,0.591404,0.00088711
2023-11-10,TRXUSDT,buy,0.0,0.15,0.15,0.591404,0.00088711
2023-11-10,ZILUSDT,buy,0.0,0.095025,0.095025,0.591404,0.00088711
2023-11-13,1INCHUSDT,buy,0.0,0.075272,0.075272,0.640817,0.00096123
2023-11-13,AVAXUSDT,sell,0.069013,0.0,-0.069013,0.640817,0.00096123
2023-11-13,AXSUSDT,buy,0.0,0.062962,0.062962,0.640817,0.00096123
2023-11-13,LINKUSDT,buy,0.0,0.039412,0.039412,0.640817,0.00096123
2023-11-13,SFPUSDT,sell,0.075777,0.0,-0.075777,0.640817,0.00096123
2023-11-13,TRXUSDT,sell,0.15,0.0,-0.15,0.640817,0.00096123
2023-11-13,XRPUSDT,buy,0.0,0.073357,0.073357,0.640817,0.00096123
2023-11-13,ZILUSDT,sell,0.095025,0.0,-0.095025,0.640817,0.00096123
2023-11-16,AAVEUSDT,buy,0.0,0.042172,0.042172,0.396579,0.00059487
2023-11-16,ADAUSDT,sell,0.105962,0.069078,-0.036884,0.396579,0.00059487
2023-11-16,APEUSDT,sell,0.068508,0.0,-0.068508,0.396579,0.00059487
2023-11-16,ATOMUSDT,buy,0.0,0.066945,0.066945,0.396579,0.00059487
2023-11-16,AXSUSDT,sell,0.062962,0.0,-0.062962,0.396579,0.00059487
2023-11-16,FETUSDT,sell,0.047118,0.0,-0.047118,0.396579,0.00059487
2023-11-16,KAVAUSDT,buy,0.0,0.07199,0.07199,0.396579,0.00059487
2023-11-19,AAVEUSDT,sell,0.042172,0.0,-0.042172,0.190886,0.00028633
2023-11-19,DUSKUSDT,buy,0.0,0.0427,0.0427,0.190886,0.00028633
2023-11-19,FETUSDT,buy,0.0,0.032657,0.032657,0.190886,0.00028633
2023-11-19,XRPUSDT,sell,0.073357,0.0,-0.073357,0.190886,0.00028633
2023-11-22,1INCHUSDT,sell,0.075272,0.0,-0.075272,0.153341,0.00023001
2023-11-22,FETUSDT,sell,0.032657,0.0,-0.032657,0.153341,0.00023001
2023-11-22,ROSEUSDT,sell,0.045412,0.0,-0.045412,0.153341,0.00023001
2023-11-25,DOGEUSDT,buy,0.0,0.051153,0.051153,0.343904,0.00051586
2023-11-25,DOTUSDT,buy,0.0,0.056483,0.056483,0.343904,0.00051586
2023-11-25,DUSKUSDT,sell,0.0427,0.0,-0.0427,0.343904,0.00051586
2023-11-25,FETUSDT,buy,0.0,0.030001,0.030001,0.343904,0.00051586
2023-11-25,FILUSDT,buy,0.0,0.046919,0.046919,0.343904,0.00051586
2023-11-25,INJUSDT,sell,0.044657,0.0,-0.044657,0.343904,0.00051586
2023-11-25,KAVAUSDT,sell,0.07199,0.0,-0.07199,0.343904,0.00051586
2023-11-28,ATOMUSDT,sell,0.066945,0.0,-0.066945,0.229025,0.00034354
2023-11-28,DOGEUSDT,sell,0.051153,0.0,-0.051153,0.229025,0.00034354
2023-11-28,DUSKUSDT,buy,0.0,0.03996,0.03996,0.229025,0.00034354
2023-11-28,ROSEUSDT,buy,0.0,0.034666,0.034666,0.229025,0.00034354
2023-11-28,SNXUSDT,buy,0.0,0.036301,0.036301,0.229025,0.00034354
2023-12-01,DOTUSDT,sell,0.056483,0.0,-0.056483,0.244094,0.00036614
2023-12-01,DUSKUSDT,sell,0.03996,0.0,-0.03996,0.244094,0.00036614
2023-12-01,FILUSDT,sell,0.046919,0.0,-0.046919,0.244094,0.00036614
2023-12-01,LDOUSDT,buy,0.0,0.032656,0.032656,0.244094,0.00036614
2023-12-01,ROSEUSDT,sell,0.034666,0.0,-0.034666,0.244094,0.00036614
2023-12-01,UNIUSDT,buy,0.0,0.033409,0.033409,0.244094,0.00036614
2023-12-04,ATOMUSDT,buy,0.0,0.056674,0.056674,0.222348,0.00033352
2023-12-04,AXSUSDT,buy,0.0,0.054201,0.054201,0.222348,0.00033352
2023-12-04,LDOUSDT,sell,0.032656,0.0,-0.032656,0.222348,0.00033352
2023-12-04,LINKUSDT,sell,0.039412,0.0,-0.039412,0.222348,0.00033352
2023-12-04,ROSEUSDT,buy,0.0,0.039405,0.039405,0.222348,0.00033352
2023-12-07,ATOMUSDT,sell,0.056674,0.0,-0.056674,0.142114,0.00021317
2023-12-07,AXSUSDT,sell,0.054201,0.0,-0.054201,0.142114,0.00021317
2023-12-07,CAKEUSDT,buy,0.0,0.031239,0.031239,0.142114,0.00021317
2023-12-10,ADAUSDT,sell,0.069078,0.0,-0.069078,0.424617,0.00063693
2023-12-10,ATOMUSDT,buy,0.0,0.059546,0.059546,0.424617,0.00063693
2023-12-10,AXSUSDT,buy,0.0,0.054081,0.054081,0.424617,0.00063693
2023-12-10,CAKEUSDT,sell,0.031239,0.0,-0.031239,0.424617,0.00063693
2023-12-10,DOGEUSDT,buy,0.0,0.054196,0.054196,0.424617,0.00063693
2023-12-10,ETHUSDT,buy,0.0,0.079988,0.079988,0.424617,0.00063693
2023-12-10,LINKUSDT,buy,0.0,0.043079,0.043079,0.424617,0.00063693
2023-12-10,UNIUSDT,sell,0.033409,0.0,-0.033409,0.424617,0.00063693
2023-12-13,ATOMUSDT,sell,0.059546,0.0,-0.059546,0.354265,0.0005314
2023-12-13,AXSUSDT,sell,0.054081,0.0,-0.054081,0.354265,0.0005314
2023-12-13,FETUSDT,sell,0.030001,0.0,-0.030001,0.354265,0.0005314
2023-12-13,FLOKIUSDT,buy,0.0,0.034987,0.034987,0.354265,0.0005314
2023-12-13,LINKUSDT,sell,0.043079,0.0,-0.043079,0.354265,0.0005314
2023-12-13,PENDLEUSDT,buy,0.0,0.033843,0.033843,0.354265,0.0005314
2023-12-13,ROSEUSDT,sell,0.039405,0.0,-0.039405,0.354265,0.0005314
2023-12-13,SHIBUSDT,buy,0.0,0.059322,0.059322,0.354265,0.0005314
2023-12-16,ADAUSDT,buy,0.0,0.037118,0.037118,0.329108,0.00049366
2023-12-16,AVAXUSDT,buy,0.0,0.038717,0.038717,0.329108,0.00049366
2023-12-16,DEXEUSDT,buy,0.0,0.034941,0.034941,0.329108,0.00049366
2023-12-16,DOTUSDT,buy,0.0,0.047346,0.047346,0.329108,0.00049366
2023-12-16,ETCUSDT,buy,0.0,0.065855,0.065855,0.329108,0.00049366
2023-12-16,FLOKIUSDT,sell,0.034987,0.0,-0.034987,0.329108,0.00049366
2023-12-16,PENDLEUSDT,sell,0.033843,0.0,-0.033843,0.329108,0.00049366
2023-12-16,SNXUSDT,sell,0.036301,0.0,-0.036301,0.329108,0.00049366
2023-12-19,AXSUSDT,buy,0.0,0.049561,0.049561,0.290171,0.00043526
2023-12-19,ETCUSDT,sell,0.065855,0.0,-0.065855,0.290171,0.00043526
2023-12-19,ETHUSDT,sell,0.079988,0.0,-0.079988,0.290171,0.00043526
2023-12-19,SHIBUSDT,sell,0.059322,0.0,-0.059322,0.290171,0.00043526
2023-12-19,SNXUSDT,buy,0.0,0.035445,0.035445,0.290171,0.00043526
2023-12-22,DEXEUSDT,sell,0.034941,0.0,-0.034941,0.067563,0.00010134
2023-12-22,FETUSDT,buy,0.0,0.032622,0.032622,0.067563,0.00010134
2023-12-25,ADAUSDT,sell,0.037118,0.005698,-0.031419,0.394091,0.00059114
2023-12-25,AVAXUSDT,sell,0.038717,0.006676,-0.032041,0.394091,0.00059114
2023-12-25,AXSUSDT,sell,0.049561,0.0,-0.049561,0.394091,0.00059114
2023-12-25,DOGEUSDT,sell,0.054196,0.0,-0.054196,0.394091,0.00059114
2023-12-25,DOTUSDT,sell,0.047346,0.005917,-0.041429,0.394091,0.00059114
2023-12-25,SNXUSDT,sell,0.035445,0.0,-0.035445,0.394091,0.00059114
2023-12-25,USDCUSDT,buy,0.0,0.15,0.15,0.394091,0.00059114
2023-12-28,ADAUSDT,buy,0.005698,0.036132,0.030433,0.361951,0.00054293
2023-12-28,AVAXUSDT,buy,0.006676,0.039439,0.032762,0.361951,0.00054293
2023-12-28,DOTUSDT,buy,0.005917,0.036847,0.03093,0.361951,0.00054293
2023-12-28,FILUSDT,buy,0.0,0.044221,0.044221,0.361951,0.00054293
2023-12-28,ROSEUSDT,buy,0.0,0.033934,0.033934,0.361951,0.00054293
2023-12-28,SHIBUSDT,buy,0.0,0.03967,0.03967,0.361951,0.00054293
2023-12-28,USDCUSDT,sell,0.15,0.0,-0.15,0.361951,0.00054293
2023-12-31,1INCHUSDT,buy,0.0,0.05692,0.05692,0.16242,0.00024363
2023-12-31,SFPUSDT,buy,0.0,0.06583,0.06583,0.16242,0.00024363
2023-12-31,SHIBUSDT,sell,0.03967,0.0,-0.03967,0.16242,0.00024363
2024-01-03,1INCHUSDT,sell,0.05692,0.0,-0.05692,0.361081,0.00054162
2024-01-03,ADAUSDT,sell,0.036132,0.0,-0.036132,0.361081,0.00054162
2024-01-03,AXSUSDT,buy,0.0,0.03873,0.03873,0.361081,0.00054162
2024-01-03,CAKEUSDT,buy,0.0,0.036233,0.036233,0.361081,0.00054162
2024-01-03,FETUSDT,sell,0.032622,0.0,-0.032622,0.361081,0.00054162
2024-01-03,FILUSDT,sell,0.044221,0.0,-0.044221,0.361081,0.00054162
2024-01-03,STGUSDT,buy,0.0,0.056492,0.056492,0.361081,0.00054162
2024-01-03,ZILUSDT,buy,0.0,0.059731,0.059731,0.361081,0.00054162
2024-01-06,LDOUSDT,buy,0.0,0.031831,0.031831,0.195692,0.00029354
2024-01-06,STGUSDT,sell,0.056492,0.0,-0.056492,0.195692,0.00029354
2024-01-06,UNIUSDT,buy,0.0,0.047639,0.047639,0.195692,0.00029354
2024-01-06,ZILUSDT,sell,0.059731,0.0,-0.059731,0.195692,0.00029354
2024-01-09,1INCHUSDT,buy,0.0,0.038197,0.038197,0.242637,0.00036396
2024-01-09,DOTUSDT,sell,0.036847,0.0,-0.036847,0.242637,0.00036396
2024-01-09,DUSKUSDT,buy,0.0,0.038091,0.038091,0.242637,0.00036396
2024-01-09,FILUSDT,buy,0.0,0.031842,0.031842,0.242637,0.00036396
2024-01-09,LDOUSDT,sell,0.031831,0.0,-0.031831,0.242637,0.00036396
2024-01-09,SFPUSDT,sell,0.06583,0.0,-0.06583,0.242637,0.00036396
2024-01-12,AVAXUSDT,sell,0.039439,0.0,-0.039439,0.313898,0.00047085
2024-01-12,AXSUSDT,sell,0.03873,0.0,-0.03873,0.313898,0.00047085
2024-01-12,DUSKUSDT,sell,0.038091,0.0,-0.038091,0.313898,0.00047085
2024-01-12,TUSDUSDT,buy,0.0,0.15,0.15,0.313898,0.00047085
2024-01-12,UNIUSDT,sell,0.047639,0.0,-0.047639,0.313898,0.00047085
2024-01-15,INJUSDT,buy,0.0,0.031627,0.031627,0.252643,0.00037896
2024-01-15,LDOUSDT,buy,0.0,0.035483,0.035483,0.252643,0.00037896
2024-01-15,PENDLEUSDT,buy,0.0,0.035533,0.035533,0.252643,0.00037896
2024-01-15,TUSDUSDT,sell,0.15,0.0,-0.15,0.252643,0.00037896
2024-01-18,AAVEUSDT,buy,0.0,0.047029,0.047029,0.214471,0.00032171
2024-01-18,ETCUSDT,buy,0.0,0.033737,0.033737,0.214471,0.00032171
2024-01-18,ETHUSDT,buy,0.0,0.063931,0.063931,0.214471,0.00032171
2024-01-18,FETUSDT,buy,0.0,0.037933,0.037933,0.214471,0.00032171
2024-01-18,FILUSDT,sell,0.031842,0.0,-0.031842,0.214471,0.00032171
2024-01-21,1INCHUSDT,sell,0.038197,0.005316,-0.032881,0.454528,0.00068179
2024-01-21,AAVEUSDT,sell,0.047029,0.0,-0.047029,0.454528,0.00068179
2024-01-21,CAKEUSDT,sell,0.036233,0.0,-0.036233,0.454528,0.00068179
2024-01-21,ETHUSDT,sell,0.063931,0.010161,-0.053769,0.454528,0.00068179
2024-01-21,FETUSDT,sell,0.037933,0.0,-0.037933,0.454528,0.00068179
2024-01-21,LDOUSDT,sell,0.035483,0.004387,-0.031096,0.454528,0.00068179
2024-01-21,PENDLEUSDT,sell,0.035533,0.00388,-0.031652,0.454528,0.00068179
2024-01-21,ROSEUSDT,sell,0.033934,0.0,-0.033934,0.454528,0.00068179
2024-01-21,USDCUSDT,buy,0.0,0.15,0.15,0.454528,0.00068179
2024-01-24,FDUSDUSDT,buy,0.0,0.15,0.15,0.355439,0.00053316
2024-01-24,TRXUSDT,buy,0.0,0.055439,0.055439,0.355439,0.00053316
2024-01-24,USDCUSDT,sell,0.15,0.0,-0.15,0.355439,0.00053316
2024-01-27,INJUSDT,sell,0.031627,0.0,-0.031627,0.224178,0.00033627
2024-01-27,TRXUSDT,sell,0.055439,0.012887,-0.042552,0.224178,0.00033627
2024-01-27,USDCUSDT,buy,0.0,0.15,0.15,0.224178,0.00033627
2024-01-30,ETCUSDT,sell,0.033737,0.0,-0.033737,0.033737,5.061e-05
2024-02-02,FDUSDUSDT,sell,0.15,0.0,-0.15,0.15,0.000225
2024-02-17,FDUSDUSDT,buy,0.0,0.15,0.15,0.347259,0.00052089
2024-02-17,TRXUSDT,buy,0.012887,0.060146,0.047259,0.347259,0.00052089
2024-02-17,USDCUSDT,sell,0.15,0.0,-0.15,0.347259,0.00052089
2024-02-23,ADAUSDT,buy,0.0,0.071107,0.071107,0.881765,0.00132265
2024-02-23,AVAXUSDT,buy,0.0,0.056533,0.056533,0.881765,0.00132265
2024-02-23,DOTUSDT,buy,0.0,0.095851,0.095851,0.881765,0.00132265
2024-02-23,DUSKUSDT,buy,0.0,0.033794,0.033794,0.881765,0.00132265
2024-02-23,ETHUSDT,buy,0.010161,0.107822,0.097661,0.881765,0.00132265
2024-02-23,FDUSDUSDT,sell,0.15,0.0,-0.15,0.881765,0.00132265
2024-02-23,FLOKIUSDT,buy,0.0,0.080517,0.080517,0.881765,0.00132265
2024-02-23,LINKUSDT,buy,0.0,0.060315,0.060315,0.881765,0.00132265
2024-02-23,SUSHIUSDT,buy,0.0,0.070544,0.070544,0.881765,0.00132265
2024-02-23,TRXUSDT,buy,0.060146,0.15,0.089854,0.881765,0.00132265
2024-02-23,UNIUSDT,buy,0.0,0.075589,0.075589,0.881765,0.00132265
2024-02-26,APEUSDT,buy,0.0,0.057353,0.057353,0.726534,0.0010898
2024-02-26,AVAXUSDT,sell,0.056533,0.0,-0.056533,0.726534,0.0010898
2024-02-26,BATUSDT,buy,0.0,0.108785,0.108785,0.726534,0.0010898
2024-02-26,DOTUSDT,sell,0.095851,0.0,-0.095851,0.726534,0.0010898
2024-02-26,FETUSDT,buy,0.0,0.036414,0.036414,0.726534,0.0010898
2024-02-26,FLOKIUSDT,sell,0.080517,0.0,-0.080517,0.726534,0.0010898
2024-02-26,STGUSDT,buy,0.0,0.056645,0.056645,0.726534,0.0010898
2024-02-26,SUSHIUSDT,sell,0.070544,0.0,-0.070544,0.726534,0.0010898
2024-02-26,TWTUSDT,buy,0.0,0.088302,0.088302,0.726534,0.0010898
2024-02-26,UNIUSDT,sell,0.075589,0.0,-0.075589,0.726534,0.0010898
2024-02-29,ACHUSDT,buy,0.0,0.050977,0.050977,0.366555,0.00054983
2024-02-29,APEUSDT,sell,0.057353,0.0,-0.057353,0.366555,0.00054983
2024-02-29,DUSKUSDT,sell,0.033794,0.0,-0.033794,0.366555,0.00054983
2024-02-29,FILUSDT,buy,0.0,0.044244,0.044244,0.366555,0.00054983
2024-02-29,KAVAUSDT,buy,0.0,0.119871,0.119871,0.366555,0.00054983
2024-02-29,LINKUSDT,sell,0.060315,0.0,-0.060315,0.366555,0.00054983
2024-03-03,1INCHUSDT,buy,0.005316,0.065902,0.060586,0.718605,0.00107791
2024-03-03,ADAUSDT,sell,0.071107,0.0,-0.071107,0.718605,0.00107791
2024-03-03,BATUSDT,sell,0.108785,0.0,-0.108785,0.718605,0.00107791
2024-03-03,CAKEUSDT,buy,0.0,0.071601,0.071601,0.718605,0.00107791
2024-03-03,KAVAUSDT,sell,0.119871,0.0,-0.119871,0.718605,0.00107791
2024-03-03,SFPUSDT,buy,0.0,0.096778,0.096778,0.718605,0.00107791
2024-03-03,STGUSDT,sell,0.056645,0.0,-0.056645,0.718605,0.00107791
2024-03-03,SUSHIUSDT,buy,0.0,0.04493,0.04493,0.718605,0.00107791
2024-03-03,TWTUSDT,sell,0.088302,0.0,-0.088302,0.718605,0.00107791
2024-03-06,1INCHUSDT,sell,0.065902,0.0,-0.065902,0.315113,0.00047267
2024-03-06,APEUSDT,buy,0.0,0.043581,0.043581,0.315113,0.00047267
2024-03-06,COMPUSDT,buy,0.0,0.045702,0.045702,0.315113,0.00047267
2024-03-06,SFPUSDT,sell,0.096778,0.0,-0.096778,0.315113,0.00047267
2024-03-06,ZILUSDT,buy,0.0,0.063151,0.063151,0.315113,0.00047267
2024-03-09,ACHUSDT,sell,0.050977,0.0,-0.050977,0.462597,0.0006939
2024-03-09,APEUSDT,sell,0.043581,0.0,-0.043581,0.462597,0.0006939
2024-03-09,AXSUSDT,buy,0.0,0.056982,0.056982,0.462597,0.0006939
2024-03-09,CAKEUSDT,sell,0.071601,0.0,-0.071601,0.462597,0.0006939
2024-03-09,DOGEUSDT,buy,0.0,0.030282,0.030282,0.462597,0.0006939
2024-03-09,FILUSDT,sell,0.044244,0.0,-0.044244,0.462597,0.0006939
2024-03-09,ROSEUSDT,buy,0.0,0.056849,0.056849,0.462597,0.0006939
2024-03-09,SUSHIUSDT,sell,0.04493,0.0,-0.04493,0.462597,0.0006939
2024-03-09,ZILUSDT,sell,0.063151,0.0,-0.063151,0.462597,0.0006939
2024-03-12,APEUSDT,buy,0.0,0.042925,0.042925,0.395587,0.00059338
2024-03-12,AXSUSDT,sell,0.056982,0.0,-0.056982,0.395587,0.00059338
2024-03-12,ETCUSDT,buy,0.0,0.051552,0.051552,0.395587,0.00059338
2024-03-12,LUNCUSDT,buy,0.0,0.03728,0.03728,0.395587,0.00059338
2024-03-12,ROSEUSDT,sell,0.056849,0.0,-0.056849,0.395587,0.00059338
2024-03-12,TRXUSDT,sell,0.15,0.0,-0.15,0.395587,0.00059338
2024-03-15,APEUSDT,sell,0.042925,0.0,-0.042925,0.382004,0.00057301
2024-03-15,COMPUSDT,sell,0.045702,0.0,-0.045702,0.382004,0.00057301
2024-03-15,ETCUSDT,sell,0.051552,0.0,-0.051552,0.382004,0.00057301
2024-03-15,LUNCUSDT,sell,0.03728,0.0,-0.03728,0.382004,0.00057301
2024-03-15,ROSEUSDT,buy,0.0,0.053702,0.053702,0.382004,0.00057301
2024-03-15,SUSHIUSDT,buy,0.0,0.042134,0.042134,0.382004,0.00057301
2024-03-15,YFIUSDT,buy,0.0,0.068555,0.068555,0.382004,0.00057301
2024-03-15,ZILUSDT,buy,0.0,0.040154,0.040154,0.382004,0.00057301
2024-03-18,AXSUSDT,buy,0.0,0.040751,0.040751,0.198014,0.00029702
2024-03-18,ETHUSDT,sell,0.107822,0.072818,-0.035005,0.198014,0.00029702
2024-03-18,ROSEUSDT,sell,0.053702,0.0,-0.053702,0.198014,0.00029702
2024-03-18,YFIUSDT,sell,0.068555,0.0,-0.068555,0.198014,0.00029702
2024-03-21,CAKEUSDT,buy,0.0,0.03031,0.03031,0.060592,9.089e-05
2024-03-21,DOGEUSDT,sell,0.030282,0.0,-0.030282,0.060592,9.089e-05
2024-03-24,AVAXUSDT,buy,0.0,0.034606,0.034606,0.230464,0.0003457
2024-03-24,AXSUSDT,sell,0.040751,0.0,-0.040751,0.230464,0.0003457
2024-03-24,ETHUSDT,sell,0.072818,0.0,-0.072818,0.230464,0.0003457
2024-03-24,SUSHIUSDT,sell,0.042134,0.0,-0.042134,0.230464,0.0003457
2024-03-24,ZILUSDT,sell,0.040154,0.0,-0.040154,0.230464,0.0003457
2024-03-27,FETUSDT,sell,0.036414,0.00463,-0.031784,0.241548,0.00036232
2024-03-27,TUSDUSDT,buy,0.0,0.059764,0.059764,0.241548,0.00036232
2024-03-27,USDCUSDT,buy,0.0,0.15,0.15,0.241548,0.00036232
2024-03-30,TUSDUSDT,sell,0.059764,0.0,-0.059764,0.246696,0.00037004
2024-03-30,UNIUSDT,buy,0.0,0.036932,0.036932,0.246696,0.00037004
2024-03-30,USDCUSDT,sell,0.15,0.0,-0.15,0.246696,0.00037004
2024-04-02,BCHUSDT,buy,0.0,0.031199,0.031199,0.248441,0.00037266
2024-04-02,CAKEUSDT,sell,0.03031,0.0,-0.03031,0.248441,0.00037266
2024-04-02,TUSDUSDT,buy,0.0,0.15,0.15,0.248441,0.00037266
2024-04-02,UNIUSDT,sell,0.036932,0.0,-0.036932,0.248441,0.00037266
2024-04-05,AVAXUSDT,sell,0.034606,0.0,-0.034606,0.279834,0.00041975
2024-04-05,CAKEUSDT,buy,0.0,0.03103,0.03103,0.279834,0.00041975
2024-04-05,SHIBUSDT,buy,0.0,0.030651,0.030651,0.279834,0.00041975
2024-04-05,SNXUSDT,buy,0.0,0.033547,0.033547,0.279834,0.00041975
2024-04-05,TUSDUSDT,sell,0.15,0.0,-0.15,0.279834,0.00041975
2024-04-08,DEXEUSDT,buy,0.0,0.036592,0.036592,0.07014,0.00010521
2024-04-08,SNXUSDT,sell,0.033547,0.0,-0.033547,0.07014,0.00010521
2024-04-11,CAKEUSDT,sell,0.03103,0.0,-0.03103,0.24994,0.00037491
2024-04-11,FDUSDUSDT,buy,0.0,0.15,0.15,0.24994,0.00037491
2024-04-11,LTCUSDT,buy,0.0,0.038259,0.038259,0.24994,0.00037491
2024-04-11,SHIBUSDT,sell,0.030651,0.0,-0.030651,0.24994,0.00037491
2024-04-17,DEXEUSDT,sell,0.036592,0.006087,-0.030505,0.361863,0.00054279
2024-04-17,FDUSDUSDT,sell,0.15,0.0,-0.15,0.361863,0.00054279
2024-04-17,LTCUSDT,sell,0.038259,0.006901,-0.031358,0.361863,0.00054279
2024-04-17,USDCUSDT,buy,0.0,0.15,0.15,0.361863,0.00054279
2024-04-20,DOGEUSDT,buy,0.0,0.031245,0.031245,0.371733,0.0005576
2024-04-20,FDUSDUSDT,buy,0.0,0.15,0.15,0.371733,0.0005576
2024-04-20,SFPUSDT,buy,0.0,0.040488,0.040488,0.371733,0.0005576
2024-04-20,USDCUSDT,sell,0.15,0.0,-0.15,0.371733,0.0005576
2024-04-23,BCHUSDT,buy,0.031199,0.102961,0.071761,0.418094,0.00062714
2024-04-23,DOGEUSDT,sell,0.031245,0.0,-0.031245,0.418094,0.00062714
2024-04-23,FDUSDUSDT,sell,0.15,0.0,-0.15,0.418094,0.00062714
2024-04-23,PENDLEUSDT,buy,0.00388,0.077979,0.074098,0.418094,0.00062714
2024-04-23,SFPUSDT,buy,0.040488,0.131477,0.090989,0.418094,0.00062714
2024-04-26,BCHUSDT,sell,0.102961,0.0,-0.102961,0.141869,0.0002128
2024-04-26,PENDLEUSDT,buy,0.077979,0.116887,0.038908,0.141869,0.0002128
2024-04-29,FDUSDUSDT,buy,0.0,0.138131,0.138131,0.527079,0.00079062
2024-04-29,PENDLEUSDT,sell,0.116887,0.003478,-0.113409,0.527079,0.00079062
2024-04-29,SFPUSDT,sell,0.131477,0.005938,-0.125539,0.527079,0.00079062
2024-04-29,USDCUSDT,buy,0.0,0.15,0.15,0.527079,0.00079062
2024-05-02,FDUSDUSDT,sell,0.138131,0.0,-0.138131,0.138131,0.0002072
2024-05-05,FDUSDUSDT,buy,0.0,0.15,0.15,0.15,0.000225
2024-05-08,FDUSDUSDT,sell,0.15,0.0,-0.15,0.15,0.000225
2024-05-14,ATOMUSDT,buy,0.0,0.075553,0.075553,0.695708,0.00104356
2024-05-14,AXLUSDT,buy,0.0,0.045479,0.045479,0.695708,0.00104356
2024-05-14,FLOKIUSDT,buy,0.0,0.033493,0.033493,0.695708,0.00104356
2024-05-14,RAYUSDT,buy,0.0,0.045916,0.045916,0.695708,0.00104356
2024-05-14,SFPUSDT,buy,0.005938,0.065009,0.05907,0.695708,0.00104356
2024-05-14,TRXUSDT,buy,0.0,0.15,0.15,0.695708,0.00104356
2024-05-14,TWTUSDT,buy,0.0,0.049447,0.049447,0.695708,0.00104356
2024-05-14,USDCUSDT,sell,0.15,0.0,-0.15,0.695708,0.00104356
2024-05-14,XRPUSDT,buy,0.0,0.086749,0.086749,0.695708,0.00104356
2024-05-17,ATOMUSDT,sell,0.075553,0.00628,-0.069274,0.975725,0.00146359
2024-05-17,AXLUSDT,sell,0.045479,0.0,-0.045479,0.975725,0.00146359
2024-05-17,FDUSDUSDT,buy,0.0,0.15,0.15,0.975725,0.00146359
2024-05-17,FLOKIUSDT,sell,0.033493,0.002905,-0.030588,0.975725,0.00146359
2024-05-17,RAYUSDT,sell,0.045916,0.003649,-0.042267,0.975725,0.00146359
2024-05-17,SFPUSDT,sell,0.065009,0.0,-0.065009,0.975725,0.00146359
2024-05-17,TRXUSDT,sell,0.15,0.013088,-0.136912,0.975725,0.00146359
2024-05-17,TUSDUSDT,buy,0.0,0.15,0.15,0.975725,0.00146359
2024-05-17,TWTUSDT,sell,0.049447,0.0,-0.049447,0.975725,0.00146359
2024-05-17,USDCUSDT,buy,0.0,0.15,0.15,0.975725,0.00146359
2024-05-17,XRPUSDT,sell,0.086749,0.0,-0.086749,0.975725,0.00146359
2024-05-20,FDUSDUSDT,sell,0.15,0.0,-0.15,0.3,0.00045
2024-05-20,TUSDUSDT,sell,0.15,0.0,-0.15,0.3,0.00045
2024-05-23,FLOKIUSDT,buy,0.002905,0.037665,0.03476,0.73751,0.00110627
2024-05-23,LTCUSDT,buy,0.006901,0.079134,0.072233,0.73751,0.00110627
2024-05-23,LUNCUSDT,buy,0.0,0.06209,0.06209,0.73751,0.00110627
2024-05-23,RAYUSDT,buy,0.003649,0.039545,0.035896,0.73751,0.00110627
2024-05-23,SFPUSDT,buy,0.0,0.0914,0.0914,0.73751,0.00110627
2024-05-23,SHIBUSDT,buy,0.0,0.053052,0.053052,0.73751,0.00110627
2024-05-23,SUSHIUSDT,buy,0.0,0.040994,0.040994,0.73751,0.00110627
2024-05-23,TRXUSDT,buy,0.013088,0.135315,0.122227,0.73751,0.00110627
2024-05-23,USDCUSDT,sell,0.15,0.0,-0.15,0.73751,0.00110627
2024-05-23,ZECUSDT,buy,0.0,0.074857,0.074857,0.73751,0.00110627
2024-05-26,ADAUSDT,buy,0.0,0.076533,0.076533,0.458,0.000687
2024-05-26,AVAXUSDT,buy,0.0,0.047498,0.047498,0.458,0.000687
2024-05-26,BONKUSDT,buy,0.0,0.031734,0.031734,0.458,0.000687
2024-05-26,LINKUSDT,buy,0.0,0.056843,0.056843,0.458,0.000687
2024-05-26,LTCUSDT,sell,0.079134,0.0,-0.079134,0.458,0.000687
2024-05-26,SFPUSDT,sell,0.0914,0.0,-0.0914,0.458,0.000687
2024-05-26,ZECUSDT,sell,0.074857,0.0,-0.074857,0.458,0.000687
2024-05-29,ADAUSDT,sell,0.076533,0.0,-0.076533,0.639621,0.00095943
2024-05-29,BCHUSDT,buy,0.0,0.060096,0.060096,0.639621,0.00095943
2024-05-29,DOGEUSDT,buy,0.0,0.042012,0.042012,0.639621,0.00095943
2024-05-29,ETCUSDT,buy,0.0,0.046534,0.046534,0.639621,0.00095943
2024-05-29,ETHUSDT,buy,0.0,0.048206,0.048206,0.639621,0.00095943
2024-05-29,LUNCUSDT,sell,0.06209,0.0,-0.06209,0.639621,0.00095943
2024-05-29,RAYUSDT,sell,0.039545,0.0,-0.039545,0.639621,0.00095943
2024-05-29,SHIBUSDT,sell,0.053052,0.0,-0.053052,0.639621,0.00095943
2024-05-29,SUSHIUSDT,sell,0.040994,0.0,-0.040994,0.639621,0.00095943
2024-05-29,TRXUSDT,sell,0.135315,0.0,-0.135315,0.639621,0.00095943
2024-05-29,UNIUSDT,buy,0.0,0.035243,0.035243,0.639621,0.00095943
2024-06-01,AAVEUSDT,buy,0.0,0.051998,0.051998,0.352418,0.00052863
2024-06-01,AVAXUSDT,sell,0.047498,0.0,-0.047498,0.352418,0.00052863
2024-06-01,BCHUSDT,sell,0.060096,0.0,-0.060096,0.352418,0.00052863
2024-06-01,DOGEUSDT,sell,0.042012,0.0,-0.042012,0.352418,0.00052863
2024-06-01,FLOKIUSDT,sell,0.037665,0.0,-0.037665,0.352418,0.00052863
2024-06-01,SUSHIUSDT,buy,0.0,0.041766,0.041766,0.352418,0.00052863
2024-06-01,ZECUSDT,buy,0.0,0.071383,0.071383,0.352418,0.00052863
2024-06-04,DUSKUSDT,buy,0.0,0.040446,0.040446,0.189581,0.00028437
2024-06-04,ETCUSDT,sell,0.046534,0.0,-0.046534,0.189581,0.00028437
2024-06-04,FLOKIUSDT,buy,0.0,0.030765,0.030765,0.189581,0.00028437
2024-06-04,LDOUSDT,buy,0.004387,0.034458,0.030071,0.189581,0.00028437
2024-06-04,SUSHIUSDT,sell,0.041766,0.0,-0.041766,0.189581,0.00028437
2024-06-07,1INCHUSDT,buy,0.0,0.055131,0.055131,0.259753,0.00038963
2024-06-07,AAVEUSDT,sell,0.051998,0.0,-0.051998,0.259753,0.00038963
2024-06-07,ETHUSDT,sell,0.048206,0.0,-0.048206,0.259753,0.00038963
2024-06-07,LDOUSDT,sell,0.034458,0.0,-0.034458,0.259753,0.00038963
2024-06-07,LUNCUSDT,buy,0.0,0.069959,0.069959,0.259753,0.00038963
2024-06-10,AAVEUSDT,buy,0.0,0.053523,0.053523,0.27722,0.00041583
2024-06-10,BONKUSDT,sell,0.031734,0.0,-0.031734,0.27722,0.00041583
2024-06-10,ETHUSDT,buy,0.0,0.052001,0.052001,0.27722,0.00041583
2024-06-10,LDOUSDT,buy,0.0,0.034759,0.034759,0.27722,0.00041583
2024-06-10,LUNCUSDT,sell,0.069959,0.0,-0.069959,0.27722,0.00041583
2024-06-10,UNIUSDT,sell,0.035243,0.0,-0.035243,0.27722,0.00041583
2024-06-13,AAVEUSDT,sell,0.053523,0.0,-0.053523,0.359323,0.00053898
2024-06-13,CAKEUSDT,buy,0.0,0.04593,0.04593,0.359323,0.00053898
2024-06-13,LDOUSDT,sell,0.034759,0.0,-0.034759,0.359323,0.00053898
2024-06-13,LINKUSDT,sell,0.056843,0.0,-0.056843,0.359323,0.00053898
2024-06-13,ROSEUSDT,buy,0.0,0.03842,0.03842,0.359323,0.00053898
2024-06-13,TWTUSDT,buy,0.0,0.058464,0.058464,0.359323,0.00053898
2024-06-13,ZECUSDT,sell,0.071383,0.0,-0.071383,0.359323,0.00053898
2024-06-16,1INCHUSDT,sell,0.055131,0.011613,-0.043518,0.401377,0.00060207
2024-06-16,CAKEUSDT,sell,0.04593,0.0,-0.04593,0.401377,0.00060207
2024-06-16,DUSKUSDT,sell,0.040446,0.007575,-0.032871,0.401377,0.00060207
2024-06-16,ETHUSDT,sell,0.052001,0.011469,-0.040532,0.401377,0.00060207
2024-06-16,FDUSDUSDT,buy,0.0,0.15,0.15,0.401377,0.00060207
2024-06-16,ROSEUSDT,sell,0.03842,0.008358,-0.030062,0.401377,0.00060207
2024-06-16,TWTUSDT,sell,0.058464,0.0,-0.058464,0.401377,0.00060207
2024-06-19,DUSKUSDT,buy,0.007575,0.049258,0.041683,0.408444,0.00061267
2024-06-19,ETHUSDT,buy,0.011469,0.074545,0.063075,0.408444,0.00061267
2024-06-19,FDUSDUSDT,sell,0.15,0.0,-0.15,0.408444,0.00061267
2024-06-19,INJUSDT,buy,0.0,0.047567,0.047567,0.408444,0.00061267
2024-06-19,ROSEUSDT,buy,0.008358,0.049171,0.040813,0.408444,0.00061267
2024-06-19,STGUSDT,buy,0.0,0.03008,0.03008,0.408444,0.00061267
2024-06-19,UNIUSDT,buy,0.0,0.035226,0.035226,0.408444,0.00061267
2024-06-22,DUSKUSDT,sell,0.049258,0.0,-0.049258,0.450521,0.00067578
2024-06-22,ETHUSDT,sell,0.074545,0.0,-0.074545,0.450521,0.00067578
2024-06-22,FLOKIUSDT,sell,0.030765,0.0,-0.030765,0.450521,0.00067578
2024-06-22,INJUSDT,sell,0.047567,0.006012,-0.041555,0.450521,0.00067578
2024-06-22,ROSEUSDT,sell,0.049171,0.005675,-0.043496,0.450521,0.00067578
2024-06-22,STGUSDT,sell,0.03008,0.0,-0.03008,0.450521,0.00067578
2024-06-22,UNIUSDT,sell,0.035226,0.004402,-0.030823,0.450521,0.00067578
2024-06-22,USDCUSDT,buy,0.0,0.15,0.15,0.450521,0.00067578
2024-06-25,FDUSDUSDT,buy,0.0,0.15,0.15,0.15,0.000225
2024-07-04,FDUSDUSDT,sell,0.15,0.0,-0.15,0.5895,0.00088425
2024-07-04,LDOUSDT,buy,0.0,0.1395,0.1395,0.5895,0.00088425
2024-07-04,TRXUSDT,buy,0.0,0.15,0.15,0.5895,0.00088425
2024-07-04,USDCUSDT,sell,0.15,0.0,-0.15,0.5895,0.00088425
2024-07-07,1INCHUSDT,sell,0.011613,0.0,-0.011613,0.337678,0.00050652
2024-07-07,ATOMUSDT,sell,0.00628,0.0,-0.00628,0.337678,0.00050652
2024-07-07,DEXEUSDT,sell,0.006087,0.0,-0.006087,0.337678,0.00050652
2024-07-07,FETUSDT,sell,0.00463,0.0,-0.00463,0.337678,0.00050652
2024-07-07,INJUSDT,sell,0.006012,0.0,-0.006012,0.337678,0.00050652
2024-07-07,LDOUSDT,sell,0.1395,0.0,-0.1395,0.337678,0.00050652
2024-07-07,PENDLEUSDT,sell,0.003478,0.0,-0.003478,0.337678,0.00050652
2024-07-07,ROSEUSDT,sell,0.005675,0.0,-0.005675,0.337678,0.00050652
2024-07-07,TRXUSDT,sell,0.15,0.0,-0.15,0.337678,0.00050652
2024-07-07,UNIUSDT,sell,0.004402,0.0,-0.004402,0.337678,0.00050652
2024-07-16,TRXUSDT,buy,0.0,0.043542,0.043542,0.193542,0.00029031
2024-07-16,TUSDUSDT,buy,0.0,0.15,0.15,0.193542,0.00029031
2024-07-22,1INCHUSDT,buy,0.0,0.056617,0.056617,0.618644,0.00092797
2024-07-22,AAVEUSDT,buy,0.0,0.052273,0.052273,0.618644,0.00092797
2024-07-22,ACHUSDT,buy,0.0,0.039718,0.039718,0.618644,0.00092797
2024-07-22,ADAUSDT,buy,0.0,0.054594,0.054594,0.618644,0.00092797
2024-07-22,DOTUSDT,buy,0.0,0.054521,0.054521,0.618644,0.00092797
2024-07-22,RAYUSDT,buy,0.0,0.031697,0.031697,0.618644,0.00092797
2024-07-22,TRXUSDT,buy,0.043542,0.134384,0.090842,0.618644,0.00092797
2024-07-22,TUSDUSDT,sell,0.15,0.0,-0.15,0.618644,0.00092797
2024-07-22,XRPUSDT,buy,0.0,0.048789,0.048789,0.618644,0.00092797
2024-07-22,ZECUSDT,buy,0.0,0.039593,0.039593,0.618644,0.00092797
2024-07-25,DOTUSDT,sell,0.054521,0.0,-0.054521,0.141051,0.00021158
2024-07-25,INJUSDT,buy,0.0,0.04283,0.04283,0.141051,0.00021158
2024-07-25,LUNCUSDT,buy,0.0,0.0437,0.0437,0.141051,0.00021158
2024-07-28,1INCHUSDT,sell,0.056617,0.0,-0.056617,0.268262,0.00040239
2024-07-28,AAVEUSDT,sell,0.052273,0.0,-0.052273,0.268262,0.00040239
2024-07-28,ACHUSDT,sell,0.039718,0.0,-0.039718,0.268262,0.00040239
2024-07-28,DOGEUSDT,buy,0.0,0.045827,0.045827,0.268262,0.00040239
2024-07-28,FLOKIUSDT,buy,0.0,0.030128,0.030128,0.268262,0.00040239
2024-07-28,LUNCUSDT,sell,0.0437,0.0,-0.0437,0.268262,0.00040239
2024-07-31,ADAUSDT,sell,0.054594,0.0,-0.054594,0.387736,0.0005816
2024-07-31,AVAXUSDT,buy,0.0,0.044344,0.044344,0.387736,0.0005816
2024-07-31,DOGEUSDT,sell,0.045827,0.0,-0.045827,0.387736,0.0005816
2024-07-31,LUNCUSDT,buy,0.0,0.042378,0.042378,0.387736,0.0005816
2024-07-31,SFPUSDT,buy,0.0,0.066208,0.066208,0.387736,0.0005816
2024-07-31,TRXUSDT,sell,0.134384,0.0,-0.134384,0.387736,0.0005816
2024-08-03,AVAXUSDT,sell,0.044344,0.0,-0.044344,0.432605,0.00064891
2024-08-03,FLOKIUSDT,sell,0.030128,0.0,-0.030128,0.432605,0.00064891
2024-08-03,INJUSDT,sell,0.04283,0.011343,-0.031486,0.432605,0.00064891
2024-08-03,LUNCUSDT,sell,0.042378,0.0,-0.042378,0.432605,0.00064891
2024-08-03,SFPUSDT,sell,0.066208,0.0,-0.066208,0.432605,0.00064891
2024-08-03,TRXUSDT,buy,0.0,0.032132,0.032132,0.432605,0.00064891
2024-08-03,TUSDUSDT,buy,0.0,0.15,0.15,0.432605,0.00064891
2024-08-03,XRPUSDT,sell,0.048789,0.012861,-0.035928,0.432605,0.00064891
2024-08-06,INJUSDT,sell,0.011343,0.0,-0.011343,0.277626,0.00041644
2024-08-06,RAYUSDT,sell,0.031697,0.0,-0.031697,0.277626,0.00041644
2024-08-06,TRXUSDT,sell,0.032132,0.0,-0.032132,0.277626,0.00041644
2024-08-06,TUSDUSDT,sell,0.15,0.0,-0.15,0.277626,0.00041644
2024-08-06,XRPUSDT,sell,0.012861,0.0,-0.012861,0.277626,0.00041644
2024-08-06,ZECUSDT,sell,0.039593,0.0,-0.039593,0.277626,0.00041644
2024-09-29,APEUSDT,buy,0.0,0.041405,0.041405,0.552401,0.0008286
2024-09-29,AVAXUSDT,buy,0.0,0.05429,0.05429,0.552401,0.0008286
2024-09-29,BATUSDT,buy,0.0,0.078969,0.078969,0.552401,0.0008286
2024-09-29,FETUSDT,buy,0.0,0.04082,0.04082,0.552401,0.0008286
2024-09-29,KAVAUSDT,buy,0.0,0.045306,0.045306,0.552401,0.0008286
2024-09-29,ROSEUSDT,buy,0.0,0.050502,0.050502,0.552401,0.0008286
2024-09-29,SNXUSDT,buy,0.0,0.052281,0.052281,0.552401,0.0008286
2024-09-29,STGUSDT,buy,0.0,0.072477,0.072477,0.552401,0.0008286
2024-09-29,ZILUSDT,buy,0.0,0.071705,0.071705,0.552401,0.0008286
2024-09-29,ZROUSDT,buy,0.0,0.044648,0.044648,0.552401,0.0008286
2024-09-30,APEUSDT,sell,0.041405,0.0,-0.041405,0.552401,0.0008286
2024-09-30,AVAXUSDT,sell,0.05429,0.0,-0.05429,0.552401,0.0008286
2024-09-30,BATUSDT,sell,0.078969,0.0,-0.078969,0.552401,0.0008286
2024-09-30,FETUSDT,sell,0.04082,0.0,-0.04082,0.552401,0.0008286
2024-09-30,KAVAUSDT,sell,0.045306,0.0,-0.045306,0.552401,0.0008286
2024-09-30,ROSEUSDT,sell,0.050502,0.0,-0.050502,0.552401,0.0008286
2024-09-30,SNXUSDT,sell,0.052281,0.0,-0.052281,0.552401,0.0008286
2024-09-30,STGUSDT,sell,0.072477,0.0,-0.072477,0.552401,0.0008286
2024-09-30,ZILUSDT,sell,0.071705,0.0,-0.071705,0.552401,0.0008286
2024-09-30,ZROUSDT,sell,0.044648,0.0,-0.044648,0.552401,0.0008286
2024-10-17,FDUSDUSDT,buy,0.0,0.15,0.15,0.3,0.00045
2024-10-17,USDCUSDT,buy,0.0,0.15,0.15,0.3,0.00045
2024-10-18,FDUSDUSDT,sell,0.15,0.0,-0.15,0.3,0.00045
2024-10-18,USDCUSDT,sell,0.15,0.0,-0.15,0.3,0.00045
2025-04-24,BCHUSDT,buy,0.0,0.034949,0.034949,0.428112,0.00064217
2025-04-24,EURIUSDT,buy,0.0,0.15,0.15,0.428112,0.00064217
2025-04-24,FDUSDUSDT,buy,0.0,0.15,0.15,0.428112,0.00064217
2025-04-24,TRXUSDT,buy,0.0,0.093163,0.093163,0.428112,0.00064217
2025-04-25,BCHUSDT,sell,0.034949,0.0,-0.034949,0.428112,0.00064217
2025-04-25,EURIUSDT,sell,0.15,0.0,-0.15,0.428112,0.00064217
2025-04-25,FDUSDUSDT,sell,0.15,0.0,-0.15,0.428112,0.00064217
2025-04-25,TRXUSDT,sell,0.093163,0.0,-0.093163,0.428112,0.00064217
